"downloaded","item_id","item_definition","category","16","17","18","19","20","21","22","23","24","25","26","27","28","29","30"
2022-09-12,1,"baa baa","sounds",0.47,0.52,0.56,0.67,0.71,0.7,0.68,0.78,0.78,0.8,0.8,0.84,0.89,0.8,0.82
2022-09-12,2,"choo choo","sounds",0.21,0.32,0.39,0.52,0.58,0.6,0.65,0.7,0.76,0.84,0.81,0.85,0.92,0.85,0.89
2022-09-12,3,"cockadoodledoo","sounds",0.12,0.11,0.15,0.23,0.25,0.31,0.34,0.37,0.44,0.48,0.5,0.54,0.71,0.54,0.6
2022-09-12,4,"grrr","sounds",0.48,0.49,0.55,0.64,0.65,0.67,0.65,0.74,0.77,0.78,0.76,0.8,0.9,0.79,0.82
2022-09-12,5,"meow","sounds",0.41,0.48,0.56,0.68,0.71,0.78,0.77,0.81,0.86,0.89,0.88,0.92,0.96,0.91,0.93
2022-09-12,6,"moo","sounds",0.5,0.52,0.62,0.75,0.76,0.78,0.79,0.85,0.88,0.88,0.88,0.92,0.95,0.92,0.93
2022-09-12,7,"ouch","sounds",0.34,0.41,0.51,0.61,0.64,0.67,0.7,0.77,0.78,0.86,0.82,0.83,0.93,0.86,0.88
2022-09-12,8,"quack quack","sounds",0.4,0.39,0.49,0.6,0.61,0.7,0.67,0.77,0.79,0.83,0.84,0.85,0.93,0.85,0.9
2022-09-12,9,"uh oh","sounds",0.71,0.68,0.78,0.87,0.87,0.89,0.88,0.88,0.9,0.93,0.9,0.93,0.97,0.91,0.89
2022-09-12,10,"vroom","sounds",0.38,0.4,0.51,0.57,0.57,0.61,0.6,0.69,0.7,0.75,0.71,0.7,0.86,0.72,0.74
2022-09-12,11,"woof woof","sounds",0.46,0.57,0.63,0.74,0.73,0.77,0.77,0.79,0.84,0.88,0.85,0.9,0.94,0.89,0.9
2022-09-12,12,"yum yum","sounds",0.4,0.45,0.56,0.59,0.59,0.63,0.56,0.68,0.74,0.74,0.75,0.74,0.86,0.8,0.81
2022-09-12,13,"alligator","animals",0.02,0.04,0.06,0.13,0.14,0.19,0.22,0.3,0.4,0.47,0.5,0.52,0.74,0.66,0.7
2022-09-12,14,"animal","animals",0.03,0.07,0.11,0.2,0.21,0.28,0.33,0.44,0.5,0.56,0.58,0.61,0.78,0.71,0.73
2022-09-12,15,"ant","animals",0.04,0.06,0.1,0.18,0.21,0.23,0.26,0.37,0.43,0.49,0.51,0.54,0.74,0.63,0.66
2022-09-12,16,"bear","animals",0.23,0.29,0.37,0.51,0.55,0.57,0.6,0.66,0.74,0.78,0.79,0.84,0.91,0.86,0.85
2022-09-12,17,"bee","animals",0.13,0.23,0.28,0.4,0.44,0.5,0.5,0.64,0.68,0.72,0.71,0.74,0.89,0.82,0.83
2022-09-12,18,"bird","animals",0.32,0.42,0.5,0.63,0.65,0.71,0.7,0.77,0.81,0.89,0.89,0.89,0.95,0.9,0.9
2022-09-12,19,"bug","animals",0.1,0.15,0.22,0.38,0.39,0.4,0.49,0.57,0.63,0.7,0.73,0.72,0.89,0.77,0.76
2022-09-12,20,"bunny","animals",0.13,0.22,0.32,0.42,0.48,0.54,0.55,0.64,0.71,0.75,0.76,0.77,0.89,0.86,0.82
2022-09-12,21,"butterfly","animals",0.06,0.1,0.14,0.24,0.27,0.33,0.42,0.52,0.59,0.66,0.67,0.69,0.86,0.82,0.82
2022-09-12,22,"cat","animals",0.35,0.42,0.45,0.61,0.65,0.66,0.75,0.79,0.82,0.87,0.88,0.92,0.94,0.93,0.92
2022-09-12,23,"chicken (animal)","animals",0.08,0.12,0.14,0.3,0.31,0.34,0.45,0.54,0.63,0.66,0.69,0.74,0.86,0.78,0.83
2022-09-12,24,"cow","animals",0.19,0.25,0.34,0.5,0.54,0.53,0.58,0.68,0.75,0.8,0.8,0.85,0.93,0.87,0.87
2022-09-12,25,"deer","animals",0.05,0.08,0.1,0.16,0.14,0.23,0.25,0.34,0.34,0.37,0.42,0.44,0.65,0.51,0.53
2022-09-12,26,"dog","animals",0.62,0.65,0.74,0.78,0.81,0.82,0.83,0.86,0.89,0.93,0.93,0.94,0.98,0.95,0.94
2022-09-12,27,"donkey","animals",0.02,0.06,0.06,0.1,0.11,0.16,0.19,0.26,0.27,0.3,0.3,0.34,0.53,0.4,0.45
2022-09-12,28,"duck","animals",0.4,0.44,0.49,0.62,0.63,0.67,0.7,0.76,0.8,0.85,0.87,0.89,0.96,0.88,0.89
2022-09-12,29,"elephant","animals",0.07,0.11,0.17,0.28,0.31,0.34,0.48,0.56,0.64,0.67,0.71,0.76,0.88,0.81,0.84
2022-09-12,30,"fish (animal)","animals",0.22,0.32,0.39,0.52,0.55,0.58,0.67,0.72,0.78,0.87,0.84,0.86,0.95,0.91,0.92
2022-09-12,31,"frog","animals",0.11,0.15,0.18,0.34,0.37,0.39,0.48,0.57,0.65,0.73,0.71,0.77,0.88,0.81,0.83
2022-09-12,32,"giraffe","animals",0.07,0.1,0.13,0.21,0.21,0.3,0.31,0.46,0.53,0.57,0.57,0.62,0.79,0.71,0.75
2022-09-12,33,"goose","animals",0.03,0.06,0.06,0.13,0.13,0.18,0.19,0.26,0.31,0.34,0.41,0.4,0.6,0.42,0.47
2022-09-12,34,"hen","animals",0.01,0.03,0.02,0.05,0.05,0.11,0.11,0.15,0.17,0.2,0.21,0.24,0.44,0.28,0.31
2022-09-12,35,"horse","animals",0.13,0.19,0.27,0.41,0.42,0.48,0.58,0.66,0.72,0.79,0.76,0.85,0.93,0.87,0.87
2022-09-12,36,"kitty","animals",0.35,0.35,0.45,0.57,0.57,0.58,0.63,0.66,0.72,0.78,0.76,0.81,0.9,0.83,0.81
2022-09-12,37,"lamb","animals",0.03,0.06,0.06,0.12,0.11,0.14,0.22,0.29,0.32,0.38,0.39,0.43,0.61,0.45,0.48
2022-09-12,38,"lion","animals",0.08,0.11,0.16,0.25,0.27,0.36,0.41,0.53,0.59,0.67,0.69,0.7,0.86,0.8,0.82
2022-09-12,39,"monkey","animals",0.1,0.19,0.24,0.36,0.39,0.44,0.55,0.64,0.7,0.79,0.78,0.81,0.92,0.86,0.9
2022-09-12,40,"moose","animals",0.02,0.08,0.05,0.1,0.09,0.13,0.15,0.23,0.25,0.28,0.27,0.29,0.49,0.38,0.44
2022-09-12,41,"mouse","animals",0.06,0.1,0.15,0.26,0.27,0.36,0.44,0.5,0.57,0.61,0.64,0.66,0.85,0.77,0.77
2022-09-12,42,"owl","animals",0.12,0.15,0.19,0.32,0.31,0.35,0.44,0.53,0.53,0.59,0.63,0.65,0.79,0.7,0.72
2022-09-12,43,"penguin","animals",0.04,0.05,0.07,0.13,0.14,0.2,0.29,0.36,0.4,0.42,0.46,0.45,0.64,0.69,0.67
2022-09-12,44,"pig","animals",0.13,0.17,0.25,0.43,0.45,0.45,0.57,0.64,0.71,0.78,0.78,0.79,0.91,0.86,0.86
2022-09-12,45,"pony","animals",0.03,0.04,0.05,0.1,0.11,0.14,0.22,0.22,0.25,0.32,0.32,0.38,0.54,0.45,0.5
2022-09-12,46,"puppy","animals",0.22,0.22,0.33,0.44,0.46,0.48,0.58,0.62,0.67,0.74,0.75,0.76,0.88,0.8,0.82
2022-09-12,47,"rooster","animals",0.03,0.03,0.04,0.07,0.09,0.11,0.15,0.24,0.26,0.33,0.35,0.42,0.57,0.42,0.46
2022-09-12,48,"sheep","animals",0.09,0.11,0.15,0.29,0.3,0.32,0.4,0.51,0.56,0.62,0.66,0.67,0.82,0.7,0.72
2022-09-12,49,"squirrel","animals",0.05,0.07,0.12,0.17,0.2,0.22,0.31,0.39,0.46,0.51,0.54,0.56,0.72,0.67,0.68
2022-09-12,50,"teddybear","animals",0.08,0.11,0.18,0.26,0.28,0.29,0.38,0.47,0.51,0.58,0.64,0.65,0.82,0.71,0.74
2022-09-12,51,"tiger","animals",0.07,0.09,0.15,0.23,0.25,0.26,0.38,0.45,0.53,0.6,0.62,0.68,0.81,0.74,0.78
2022-09-12,52,"turkey","animals",0.04,0.05,0.06,0.14,0.17,0.16,0.22,0.27,0.31,0.39,0.43,0.41,0.63,0.48,0.53
2022-09-12,53,"turtle","animals",0.11,0.13,0.18,0.33,0.33,0.36,0.42,0.57,0.6,0.68,0.68,0.68,0.84,0.8,0.82
2022-09-12,54,"wolf","animals",0.02,0.04,0.04,0.08,0.09,0.1,0.13,0.2,0.23,0.29,0.32,0.34,0.54,0.44,0.49
2022-09-12,55,"zebra","animals",0.04,0.08,0.1,0.17,0.2,0.21,0.29,0.38,0.45,0.51,0.53,0.56,0.73,0.64,0.7
2022-09-12,56,"airplane","vehicles",0.12,0.2,0.3,0.42,0.47,0.52,0.6,0.67,0.73,0.81,0.82,0.85,0.94,0.88,0.87
2022-09-12,57,"bicycle","vehicles",0.1,0.15,0.2,0.32,0.37,0.4,0.52,0.56,0.64,0.72,0.74,0.74,0.89,0.82,0.85
2022-09-12,58,"boat","vehicles",0.18,0.21,0.29,0.43,0.45,0.48,0.56,0.66,0.69,0.76,0.79,0.78,0.93,0.84,0.86
2022-09-12,59,"bus","vehicles",0.16,0.2,0.25,0.39,0.42,0.48,0.62,0.68,0.74,0.78,0.78,0.83,0.91,0.87,0.86
2022-09-12,60,"car","vehicles",0.35,0.44,0.55,0.68,0.75,0.74,0.77,0.82,0.89,0.91,0.91,0.93,0.97,0.94,0.95
2022-09-12,61,"firetruck","vehicles",0.03,0.06,0.1,0.15,0.2,0.26,0.36,0.45,0.51,0.61,0.65,0.64,0.82,0.74,0.78
2022-09-12,62,"helicopter","vehicles",0.02,0.05,0.07,0.14,0.14,0.21,0.29,0.4,0.45,0.53,0.58,0.59,0.77,0.65,0.71
2022-09-12,63,"motorcycle","vehicles",0.02,0.06,0.07,0.13,0.12,0.19,0.29,0.36,0.43,0.47,0.54,0.54,0.75,0.66,0.7
2022-09-12,64,"sled","vehicles",0.01,0.04,0.06,0.07,0.1,0.13,0.15,0.19,0.19,0.22,0.23,0.3,0.35,0.33,0.33
2022-09-12,65,"stroller","vehicles",0.05,0.07,0.12,0.19,0.19,0.23,0.26,0.41,0.47,0.54,0.55,0.6,0.79,0.62,0.7
2022-09-12,66,"tractor","vehicles",0.07,0.08,0.12,0.18,0.22,0.25,0.33,0.38,0.45,0.48,0.52,0.52,0.71,0.6,0.62
2022-09-12,67,"train","vehicles",0.11,0.17,0.24,0.36,0.47,0.46,0.55,0.66,0.76,0.79,0.82,0.81,0.93,0.87,0.9
2022-09-12,68,"tricycle","vehicles",0.01,0.02,0.03,0.05,0.08,0.07,0.13,0.16,0.19,0.25,0.26,0.28,0.46,0.31,0.38
2022-09-12,69,"truck","vehicles",0.27,0.3,0.39,0.52,0.56,0.59,0.67,0.74,0.78,0.85,0.85,0.86,0.95,0.89,0.89
2022-09-12,70,"ball","toys",0.73,0.77,0.84,0.89,0.93,0.93,0.93,0.92,0.95,0.97,0.94,0.97,0.99,0.95,0.96
2022-09-12,71,"balloon","toys",0.28,0.39,0.45,0.59,0.64,0.65,0.66,0.76,0.82,0.87,0.88,0.89,0.96,0.91,0.91
2022-09-12,72,"bat","toys",0.05,0.06,0.11,0.14,0.17,0.18,0.22,0.26,0.36,0.41,0.44,0.43,0.7,0.54,0.56
2022-09-12,73,"block","toys",0.13,0.21,0.28,0.36,0.4,0.47,0.51,0.6,0.6,0.69,0.71,0.74,0.87,0.76,0.77
2022-09-12,74,"book","toys",0.45,0.55,0.62,0.71,0.78,0.79,0.79,0.83,0.88,0.9,0.89,0.92,0.97,0.93,0.93
2022-09-12,75,"bubbles","toys",0.22,0.38,0.47,0.6,0.63,0.64,0.71,0.77,0.83,0.88,0.86,0.89,0.95,0.89,0.92
2022-09-12,76,"chalk","toys",0.02,0.03,0.05,0.1,0.12,0.16,0.22,0.28,0.33,0.37,0.41,0.46,0.61,0.53,0.58
2022-09-12,77,"crayon","toys",0.03,0.09,0.12,0.26,0.25,0.33,0.44,0.47,0.56,0.67,0.66,0.69,0.85,0.78,0.79
2022-09-12,78,"doll","toys",0.14,0.22,0.28,0.35,0.4,0.41,0.48,0.51,0.52,0.65,0.64,0.67,0.83,0.7,0.72
2022-09-12,79,"game","toys",0.01,0.03,0.06,0.09,0.11,0.16,0.24,0.26,0.33,0.42,0.45,0.49,0.71,0.61,0.69
2022-09-12,80,"glue","toys",0,0.02,0.02,0.04,0.05,0.06,0.1,0.1,0.14,0.2,0.22,0.3,0.48,0.36,0.46
2022-09-12,81,"pen","toys",0.04,0.09,0.1,0.23,0.26,0.3,0.36,0.4,0.44,0.55,0.58,0.58,0.79,0.64,0.69
2022-09-12,82,"pencil","toys",0.01,0.04,0.07,0.15,0.16,0.22,0.22,0.3,0.34,0.46,0.49,0.5,0.74,0.6,0.65
2022-09-12,83,"play dough","toys",0.01,0.03,0.05,0.08,0.12,0.18,0.23,0.29,0.36,0.41,0.44,0.53,0.64,0.6,0.65
2022-09-12,84,"present","toys",0.01,0.03,0.05,0.08,0.1,0.17,0.22,0.33,0.44,0.51,0.52,0.56,0.77,0.64,0.67
2022-09-12,85,"puzzle","toys",0.03,0.05,0.09,0.18,0.2,0.25,0.3,0.4,0.48,0.6,0.6,0.64,0.82,0.69,0.75
2022-09-12,86,"story","toys",0.02,0.05,0.09,0.16,0.17,0.22,0.31,0.37,0.48,0.52,0.55,0.58,0.78,0.69,0.76
2022-09-12,87,"toy (object)","toys",0.13,0.16,0.24,0.36,0.41,0.46,0.5,0.59,0.66,0.75,0.78,0.8,0.91,0.87,0.9
2022-09-12,88,"apple","food_drink",0.29,0.38,0.49,0.61,0.61,0.67,0.76,0.81,0.85,0.89,0.88,0.91,0.96,0.93,0.93
2022-09-12,89,"applesauce","food_drink",0.06,0.08,0.11,0.17,0.19,0.25,0.32,0.38,0.44,0.5,0.52,0.53,0.71,0.6,0.6
2022-09-12,90,"banana","food_drink",0.46,0.52,0.62,0.68,0.73,0.75,0.8,0.85,0.88,0.91,0.9,0.91,0.96,0.94,0.96
2022-09-12,91,"beans","food_drink",0.05,0.09,0.13,0.24,0.24,0.29,0.36,0.4,0.46,0.47,0.53,0.56,0.74,0.55,0.63
2022-09-12,92,"bread","food_drink",0.1,0.15,0.2,0.33,0.37,0.4,0.5,0.58,0.64,0.72,0.75,0.74,0.9,0.83,0.82
2022-09-12,93,"butter","food_drink",0.02,0.05,0.1,0.13,0.19,0.22,0.29,0.38,0.43,0.51,0.54,0.6,0.77,0.64,0.69
2022-09-12,94,"cake","food_drink",0.06,0.09,0.17,0.28,0.34,0.35,0.5,0.56,0.7,0.74,0.75,0.78,0.9,0.87,0.88
2022-09-12,95,"candy","food_drink",0.04,0.1,0.15,0.27,0.31,0.33,0.41,0.45,0.53,0.68,0.69,0.72,0.88,0.79,0.81
2022-09-12,96,"carrots","food_drink",0.05,0.09,0.12,0.21,0.24,0.3,0.36,0.46,0.52,0.62,0.61,0.65,0.82,0.74,0.79
2022-09-12,97,"cereal","food_drink",0.08,0.12,0.19,0.34,0.32,0.39,0.47,0.5,0.6,0.68,0.69,0.71,0.88,0.79,0.82
2022-09-12,98,"cheerios","food_drink",0.11,0.15,0.23,0.28,0.28,0.33,0.4,0.47,0.49,0.57,0.56,0.57,0.75,0.68,0.76
2022-09-12,99,"cheese","food_drink",0.29,0.37,0.48,0.6,0.62,0.67,0.67,0.76,0.83,0.84,0.85,0.86,0.95,0.87,0.9
2022-09-12,100,"chicken (food)","food_drink",0.07,0.11,0.15,0.29,0.29,0.38,0.47,0.51,0.59,0.68,0.68,0.71,0.88,0.83,0.82
2022-09-12,101,"chocolate","food_drink",0.02,0.05,0.08,0.12,0.18,0.23,0.28,0.41,0.48,0.52,0.55,0.63,0.78,0.72,0.78
2022-09-12,102,"coffee","food_drink",0.04,0.06,0.11,0.18,0.2,0.25,0.32,0.43,0.49,0.52,0.56,0.57,0.75,0.66,0.7
2022-09-12,103,"coke","food_drink",0.01,0.04,0.05,0.11,0.13,0.11,0.17,0.14,0.2,0.33,0.24,0.25,0.48,0.26,0.34
2022-09-12,104,"cookie","food_drink",0.29,0.31,0.42,0.56,0.64,0.6,0.69,0.74,0.82,0.87,0.86,0.89,0.96,0.91,0.95
2022-09-12,105,"corn","food_drink",0.05,0.08,0.12,0.21,0.24,0.25,0.34,0.44,0.48,0.56,0.59,0.64,0.81,0.69,0.74
2022-09-12,106,"cracker","food_drink",0.26,0.28,0.37,0.5,0.53,0.53,0.6,0.67,0.72,0.78,0.76,0.78,0.92,0.81,0.82
2022-09-12,107,"donut","food_drink",0.02,0.05,0.08,0.12,0.13,0.17,0.23,0.27,0.32,0.42,0.49,0.51,0.67,0.57,0.63
2022-09-12,108,"drink (beverage)","food_drink",0.11,0.18,0.27,0.37,0.4,0.46,0.52,0.61,0.62,0.7,0.72,0.74,0.88,0.77,0.78
2022-09-12,109,"egg","food_drink",0.1,0.18,0.2,0.34,0.36,0.45,0.52,0.6,0.65,0.69,0.75,0.76,0.88,0.82,0.82
2022-09-12,110,"fish (food)","food_drink",0.09,0.14,0.2,0.32,0.34,0.37,0.4,0.48,0.53,0.62,0.6,0.59,0.82,0.72,0.77
2022-09-12,111,"food","food_drink",0.07,0.12,0.19,0.25,0.3,0.34,0.41,0.5,0.54,0.62,0.64,0.67,0.82,0.77,0.8
2022-09-12,112,"french fries","food_drink",0.07,0.08,0.15,0.27,0.3,0.32,0.42,0.47,0.53,0.65,0.68,0.7,0.87,0.74,0.79
2022-09-12,113,"grapes","food_drink",0.09,0.14,0.21,0.31,0.34,0.41,0.44,0.59,0.62,0.72,0.72,0.74,0.88,0.78,0.82
2022-09-12,114,"green beans","food_drink",0.03,0.05,0.07,0.13,0.12,0.17,0.19,0.29,0.3,0.36,0.39,0.44,0.56,0.44,0.53
2022-09-12,115,"gum","food_drink",0.02,0.03,0.06,0.1,0.11,0.1,0.18,0.19,0.22,0.31,0.35,0.38,0.55,0.43,0.45
2022-09-12,116,"hamburger","food_drink",0.02,0.05,0.07,0.12,0.17,0.19,0.28,0.31,0.4,0.5,0.54,0.59,0.75,0.65,0.73
2022-09-12,117,"ice","food_drink",0.07,0.12,0.16,0.28,0.31,0.37,0.39,0.48,0.54,0.63,0.67,0.65,0.83,0.72,0.75
2022-09-12,118,"ice cream","food_drink",0.08,0.1,0.19,0.28,0.32,0.38,0.45,0.57,0.65,0.73,0.77,0.81,0.9,0.86,0.88
2022-09-12,119,"jello","food_drink",0.01,0.03,0.06,0.09,0.09,0.11,0.12,0.14,0.18,0.29,0.28,0.31,0.54,0.33,0.38
2022-09-12,120,"jelly","food_drink",0.01,0.02,0.05,0.1,0.11,0.12,0.18,0.23,0.27,0.38,0.41,0.41,0.67,0.48,0.53
2022-09-12,121,"juice","food_drink",0.27,0.27,0.38,0.57,0.6,0.63,0.68,0.67,0.77,0.83,0.82,0.84,0.94,0.86,0.89
2022-09-12,122,"lollipop","food_drink",0,0.04,0.06,0.1,0.13,0.14,0.17,0.23,0.27,0.37,0.38,0.46,0.59,0.49,0.6
2022-09-12,123,"meat","food_drink",0.03,0.06,0.09,0.14,0.15,0.22,0.22,0.29,0.38,0.41,0.44,0.49,0.65,0.56,0.59
2022-09-12,124,"melon","food_drink",0.02,0.06,0.06,0.09,0.11,0.17,0.18,0.26,0.3,0.32,0.36,0.4,0.54,0.41,0.52
2022-09-12,125,"milk","food_drink",0.36,0.38,0.49,0.64,0.66,0.71,0.71,0.76,0.82,0.88,0.86,0.9,0.95,0.92,0.91
2022-09-12,126,"muffin","food_drink",0.02,0.05,0.07,0.12,0.14,0.21,0.27,0.38,0.39,0.45,0.42,0.51,0.67,0.61,0.66
2022-09-12,127,"noodles","food_drink",0.06,0.11,0.16,0.23,0.26,0.35,0.36,0.45,0.52,0.55,0.58,0.6,0.77,0.68,0.69
2022-09-12,128,"nuts","food_drink",0,0.04,0.04,0.1,0.09,0.14,0.16,0.24,0.32,0.32,0.38,0.4,0.58,0.54,0.57
2022-09-12,129,"orange (food)","food_drink",0.06,0.11,0.15,0.3,0.28,0.36,0.4,0.55,0.62,0.65,0.64,0.73,0.87,0.82,0.84
2022-09-12,130,"pancake","food_drink",0.04,0.08,0.11,0.2,0.22,0.25,0.32,0.49,0.52,0.57,0.62,0.64,0.78,0.7,0.78
2022-09-12,131,"peas","food_drink",0.06,0.1,0.14,0.26,0.26,0.26,0.33,0.42,0.48,0.52,0.56,0.57,0.7,0.62,0.67
2022-09-12,132,"peanut butter","food_drink",0.03,0.07,0.09,0.18,0.18,0.24,0.31,0.42,0.47,0.49,0.58,0.6,0.79,0.66,0.7
2022-09-12,133,"pickle","food_drink",0.02,0.04,0.08,0.14,0.15,0.17,0.22,0.31,0.34,0.43,0.43,0.45,0.65,0.57,0.58
2022-09-12,134,"pizza","food_drink",0.07,0.13,0.22,0.35,0.39,0.45,0.53,0.65,0.69,0.78,0.78,0.82,0.92,0.87,0.91
2022-09-12,135,"popcorn","food_drink",0.03,0.07,0.12,0.18,0.22,0.26,0.32,0.39,0.47,0.57,0.57,0.62,0.79,0.71,0.73
2022-09-12,136,"popsicle","food_drink",0.03,0.04,0.09,0.13,0.16,0.2,0.28,0.28,0.35,0.45,0.46,0.52,0.69,0.61,0.64
2022-09-12,137,"potato chip","food_drink",0.03,0.07,0.12,0.2,0.24,0.25,0.31,0.37,0.43,0.54,0.64,0.6,0.79,0.67,0.69
2022-09-12,138,"potato","food_drink",0.02,0.06,0.08,0.14,0.19,0.2,0.27,0.39,0.41,0.46,0.49,0.53,0.74,0.66,0.66
2022-09-12,139,"pretzel","food_drink",0.03,0.06,0.08,0.15,0.16,0.19,0.2,0.28,0.34,0.44,0.4,0.45,0.72,0.5,0.56
2022-09-12,140,"pudding","food_drink",0.01,0.02,0.04,0.06,0.07,0.07,0.1,0.13,0.16,0.25,0.23,0.26,0.48,0.35,0.37
2022-09-12,141,"pumpkin","food_drink",0.03,0.06,0.07,0.16,0.17,0.2,0.25,0.35,0.39,0.46,0.43,0.52,0.7,0.6,0.67
2022-09-12,142,"raisin","food_drink",0.04,0.05,0.11,0.2,0.23,0.26,0.31,0.4,0.43,0.56,0.57,0.58,0.77,0.6,0.65
2022-09-12,143,"salt","food_drink",0,0.02,0.03,0.06,0.06,0.09,0.13,0.2,0.22,0.24,0.3,0.34,0.53,0.43,0.46
2022-09-12,144,"sandwich","food_drink",0.02,0.04,0.06,0.13,0.15,0.17,0.28,0.38,0.43,0.51,0.53,0.6,0.81,0.72,0.75
2022-09-12,145,"sauce","food_drink",0.03,0.02,0.04,0.08,0.1,0.15,0.17,0.28,0.31,0.32,0.31,0.39,0.55,0.51,0.55
2022-09-12,146,"soda/pop","food_drink",0.03,0.06,0.09,0.11,0.19,0.16,0.24,0.17,0.26,0.34,0.36,0.32,0.64,0.41,0.41
2022-09-12,147,"soup","food_drink",0.03,0.05,0.09,0.16,0.19,0.25,0.34,0.4,0.46,0.5,0.55,0.56,0.73,0.68,0.72
2022-09-12,148,"spaghetti","food_drink",0.03,0.07,0.1,0.17,0.2,0.24,0.29,0.39,0.46,0.55,0.55,0.59,0.79,0.66,0.74
2022-09-12,149,"strawberry","food_drink",0.07,0.09,0.15,0.22,0.23,0.35,0.4,0.5,0.56,0.59,0.64,0.66,0.79,0.76,0.8
2022-09-12,150,"toast","food_drink",0.09,0.12,0.17,0.24,0.26,0.31,0.36,0.47,0.52,0.54,0.57,0.62,0.79,0.65,0.69
2022-09-12,151,"tuna","food_drink",0.01,0.03,0.04,0.05,0.04,0.05,0.11,0.15,0.15,0.18,0.21,0.25,0.4,0.26,0.33
2022-09-12,152,"vanilla","food_drink",0,0.01,0.02,0.04,0.02,0.05,0.05,0.08,0.11,0.14,0.18,0.23,0.34,0.28,0.37
2022-09-12,153,"vitamins","food_drink",0.02,0.03,0.05,0.09,0.11,0.13,0.19,0.17,0.26,0.36,0.39,0.42,0.57,0.45,0.5
2022-09-12,154,"water (beverage)","food_drink",0.23,0.33,0.43,0.54,0.58,0.64,0.66,0.77,0.8,0.84,0.85,0.89,0.94,0.89,0.9
2022-09-12,155,"yogurt","food_drink",0.08,0.15,0.21,0.31,0.33,0.37,0.45,0.55,0.61,0.62,0.65,0.67,0.76,0.75,0.84
2022-09-12,156,"beads","clothing",0.03,0.05,0.06,0.1,0.11,0.13,0.13,0.17,0.21,0.24,0.23,0.26,0.44,0.3,0.35
2022-09-12,157,"belt","clothing",0.02,0.05,0.08,0.14,0.15,0.17,0.23,0.24,0.28,0.37,0.37,0.42,0.64,0.49,0.5
2022-09-12,158,"bib","clothing",0.09,0.14,0.21,0.31,0.28,0.32,0.36,0.47,0.5,0.54,0.56,0.55,0.76,0.58,0.63
2022-09-12,159,"boots","clothing",0.11,0.17,0.23,0.32,0.36,0.45,0.54,0.64,0.65,0.67,0.69,0.72,0.82,0.82,0.79
2022-09-12,160,"button","clothing",0.09,0.14,0.19,0.3,0.34,0.37,0.42,0.53,0.55,0.63,0.65,0.64,0.84,0.73,0.77
2022-09-12,161,"coat","clothing",0.12,0.12,0.18,0.31,0.34,0.39,0.48,0.53,0.6,0.65,0.64,0.68,0.79,0.71,0.71
2022-09-12,162,"diaper","clothing",0.21,0.29,0.41,0.49,0.52,0.57,0.65,0.71,0.74,0.85,0.84,0.85,0.94,0.89,0.87
2022-09-12,163,"dress (object)","clothing",0.03,0.05,0.09,0.14,0.18,0.21,0.29,0.36,0.41,0.45,0.53,0.56,0.7,0.61,0.66
2022-09-12,164,"gloves","clothing",0,0.04,0.05,0.09,0.12,0.12,0.21,0.29,0.35,0.38,0.47,0.44,0.6,0.58,0.59
2022-09-12,165,"hat","clothing",0.24,0.33,0.45,0.56,0.62,0.67,0.7,0.79,0.79,0.85,0.85,0.84,0.93,0.87,0.88
2022-09-12,166,"jacket","clothing",0.06,0.11,0.14,0.25,0.27,0.31,0.42,0.5,0.55,0.61,0.63,0.68,0.81,0.77,0.77
2022-09-12,167,"jeans","clothing",0.01,0.03,0.04,0.08,0.09,0.15,0.18,0.21,0.29,0.32,0.37,0.33,0.56,0.49,0.56
2022-09-12,168,"mittens","clothing",0.03,0.04,0.08,0.1,0.13,0.17,0.2,0.27,0.32,0.36,0.37,0.4,0.53,0.51,0.51
2022-09-12,169,"necklace","clothing",0.02,0.05,0.08,0.17,0.15,0.22,0.24,0.31,0.37,0.43,0.44,0.5,0.69,0.55,0.61
2022-09-12,170,"pajamas","clothing",0.04,0.09,0.15,0.21,0.24,0.33,0.41,0.54,0.58,0.65,0.7,0.72,0.84,0.81,0.84
2022-09-12,171,"pants","clothing",0.07,0.11,0.21,0.29,0.36,0.42,0.52,0.61,0.67,0.71,0.74,0.81,0.9,0.85,0.85
2022-09-12,172,"scarf","clothing",0,0.02,0.02,0.05,0.04,0.08,0.09,0.15,0.16,0.17,0.2,0.23,0.33,0.34,0.37
2022-09-12,173,"shirt","clothing",0.09,0.12,0.22,0.33,0.39,0.46,0.54,0.62,0.66,0.74,0.75,0.8,0.91,0.82,0.83
2022-09-12,174,"shoe","clothing",0.4,0.51,0.66,0.76,0.8,0.83,0.84,0.86,0.9,0.93,0.9,0.95,0.97,0.93,0.94
2022-09-12,175,"shorts","clothing",0.03,0.04,0.09,0.13,0.15,0.21,0.28,0.33,0.44,0.49,0.56,0.59,0.78,0.71,0.72
2022-09-12,176,"slipper","clothing",0.03,0.03,0.06,0.1,0.12,0.17,0.23,0.32,0.32,0.38,0.41,0.42,0.64,0.51,0.54
2022-09-12,177,"sneaker","clothing",0.01,0.03,0.04,0.07,0.1,0.11,0.14,0.17,0.19,0.26,0.3,0.32,0.46,0.34,0.38
2022-09-12,178,"snowsuit","clothing",0,0.02,0.02,0.02,0.02,0.04,0.06,0.1,0.1,0.12,0.15,0.17,0.25,0.23,0.25
2022-09-12,179,"sock","clothing",0.21,0.24,0.38,0.48,0.48,0.51,0.55,0.63,0.7,0.76,0.78,0.81,0.93,0.8,0.83
2022-09-12,180,"sweater","clothing",0.12,0.14,0.13,0.21,0.27,0.32,0.34,0.45,0.44,0.46,0.48,0.53,0.64,0.63,0.67
2022-09-12,181,"tights","clothing",0,0.02,0.02,0.03,0.05,0.04,0.11,0.12,0.13,0.17,0.19,0.24,0.3,0.25,0.29
2022-09-12,182,"underpants","clothing",0.01,0.02,0.03,0.05,0.1,0.1,0.14,0.2,0.24,0.29,0.4,0.43,0.58,0.55,0.53
2022-09-12,183,"zipper","clothing",0.03,0.05,0.08,0.2,0.21,0.24,0.33,0.4,0.48,0.53,0.55,0.58,0.73,0.65,0.69
2022-09-12,184,"ankle","body_parts",0,0.02,0.03,0.06,0.07,0.08,0.11,0.14,0.17,0.19,0.21,0.26,0.45,0.32,0.37
2022-09-12,185,"arm","body_parts",0.04,0.12,0.2,0.32,0.36,0.45,0.5,0.58,0.68,0.74,0.74,0.78,0.91,0.83,0.84
2022-09-12,186,"belly button","body_parts",0.19,0.3,0.32,0.42,0.47,0.54,0.6,0.65,0.7,0.75,0.75,0.79,0.89,0.8,0.83
2022-09-12,187,"buttocks/bottom*","body_parts",0.09,0.14,0.19,0.31,0.32,0.4,0.51,0.59,0.63,0.72,0.71,0.73,0.89,0.78,0.78
2022-09-12,188,"cheek","body_parts",0.06,0.08,0.16,0.25,0.26,0.36,0.43,0.52,0.56,0.63,0.64,0.68,0.81,0.73,0.74
2022-09-12,189,"chin","body_parts",0.04,0.06,0.12,0.23,0.25,0.3,0.38,0.47,0.52,0.56,0.61,0.67,0.8,0.72,0.71
2022-09-12,190,"ear","body_parts",0.29,0.37,0.48,0.61,0.66,0.68,0.76,0.79,0.83,0.87,0.88,0.9,0.96,0.9,0.9
2022-09-12,191,"eye","body_parts",0.32,0.41,0.56,0.67,0.73,0.75,0.8,0.83,0.87,0.92,0.88,0.93,0.97,0.93,0.93
2022-09-12,192,"face","body_parts",0.04,0.08,0.11,0.22,0.22,0.26,0.4,0.44,0.54,0.63,0.64,0.72,0.84,0.77,0.8
2022-09-12,193,"finger","body_parts",0.08,0.15,0.2,0.32,0.38,0.43,0.51,0.62,0.67,0.73,0.74,0.79,0.89,0.82,0.87
2022-09-12,194,"foot","body_parts",0.1,0.15,0.29,0.41,0.46,0.5,0.55,0.65,0.73,0.81,0.81,0.85,0.94,0.87,0.86
2022-09-12,195,"hair","body_parts",0.15,0.27,0.34,0.48,0.54,0.6,0.66,0.74,0.77,0.83,0.82,0.86,0.96,0.89,0.89
2022-09-12,196,"hand","body_parts",0.07,0.12,0.22,0.34,0.4,0.53,0.56,0.68,0.72,0.79,0.8,0.83,0.93,0.9,0.87
2022-09-12,197,"head","body_parts",0.11,0.19,0.23,0.36,0.41,0.46,0.55,0.64,0.71,0.76,0.76,0.8,0.92,0.86,0.86
2022-09-12,198,"knee","body_parts",0.09,0.12,0.19,0.28,0.32,0.38,0.44,0.56,0.6,0.69,0.71,0.73,0.85,0.76,0.77
2022-09-12,199,"leg","body_parts",0.03,0.08,0.12,0.25,0.29,0.32,0.46,0.53,0.6,0.69,0.69,0.76,0.87,0.81,0.81
2022-09-12,200,"lips","body_parts",0.03,0.06,0.07,0.13,0.15,0.22,0.29,0.36,0.4,0.48,0.52,0.55,0.73,0.66,0.68
2022-09-12,201,"mouth","body_parts",0.17,0.24,0.34,0.48,0.52,0.56,0.62,0.7,0.73,0.8,0.79,0.85,0.93,0.88,0.87
2022-09-12,202,"nose","body_parts",0.33,0.44,0.53,0.67,0.72,0.74,0.78,0.82,0.86,0.9,0.88,0.9,0.96,0.91,0.92
2022-09-12,203,"owie/boo boo","body_parts",0.19,0.3,0.38,0.46,0.57,0.6,0.66,0.72,0.72,0.83,0.81,0.81,0.92,0.82,0.82
2022-09-12,204,"penis*","body_parts",0.04,0.08,0.12,0.15,0.19,0.23,0.24,0.33,0.4,0.41,0.41,0.45,0.6,0.53,0.54
2022-09-12,205,"shoulder","body_parts",0.01,0.03,0.03,0.09,0.1,0.16,0.21,0.28,0.31,0.37,0.4,0.48,0.61,0.55,0.64
2022-09-12,206,"toe","body_parts",0.12,0.21,0.3,0.42,0.42,0.51,0.56,0.59,0.66,0.74,0.73,0.78,0.9,0.81,0.82
2022-09-12,207,"tongue","body_parts",0.07,0.14,0.17,0.26,0.27,0.36,0.42,0.49,0.53,0.63,0.6,0.67,0.81,0.72,0.76
2022-09-12,208,"tooth","body_parts",0.08,0.14,0.23,0.37,0.35,0.4,0.5,0.55,0.62,0.74,0.72,0.75,0.88,0.8,0.8
2022-09-12,209,"tummy","body_parts",0.1,0.18,0.27,0.39,0.4,0.44,0.54,0.64,0.67,0.79,0.77,0.77,0.91,0.83,0.84
2022-09-12,210,"vagina*","body_parts",0.02,0.04,0.06,0.09,0.1,0.11,0.15,0.17,0.2,0.22,0.25,0.26,0.38,0.37,0.39
2022-09-12,211,"basket","household",0.02,0.05,0.07,0.18,0.15,0.21,0.25,0.34,0.4,0.47,0.48,0.51,0.72,0.61,0.65
2022-09-12,212,"blanket","household",0.13,0.2,0.29,0.42,0.46,0.52,0.59,0.66,0.72,0.8,0.81,0.83,0.93,0.85,0.86
2022-09-12,213,"bottle","household",0.33,0.33,0.37,0.48,0.54,0.57,0.58,0.64,0.66,0.76,0.76,0.79,0.9,0.81,0.82
2022-09-12,214,"bowl","household",0.1,0.13,0.18,0.31,0.33,0.39,0.47,0.55,0.63,0.68,0.67,0.76,0.88,0.77,0.81
2022-09-12,215,"box","household",0.1,0.14,0.21,0.32,0.36,0.4,0.49,0.51,0.6,0.67,0.7,0.76,0.87,0.78,0.79
2022-09-12,216,"broom","household",0.04,0.1,0.12,0.21,0.26,0.28,0.37,0.42,0.49,0.57,0.59,0.64,0.79,0.64,0.69
2022-09-12,217,"brush","household",0.13,0.15,0.24,0.33,0.38,0.39,0.48,0.58,0.61,0.7,0.69,0.72,0.87,0.76,0.79
2022-09-12,218,"bucket","household",0.01,0.05,0.07,0.13,0.13,0.19,0.27,0.33,0.39,0.45,0.48,0.48,0.69,0.59,0.65
2022-09-12,219,"camera","household",0.02,0.03,0.05,0.11,0.14,0.19,0.25,0.3,0.35,0.48,0.48,0.53,0.71,0.58,0.69
2022-09-12,220,"can (object)","household",0.01,0.04,0.05,0.08,0.1,0.13,0.18,0.2,0.25,0.33,0.32,0.4,0.57,0.43,0.49
2022-09-12,221,"clock","household",0.1,0.11,0.19,0.29,0.31,0.34,0.37,0.46,0.5,0.59,0.6,0.6,0.8,0.66,0.71
2022-09-12,222,"comb","household",0.04,0.09,0.1,0.2,0.22,0.27,0.29,0.32,0.4,0.46,0.52,0.53,0.73,0.54,0.62
2022-09-12,223,"cup","household",0.22,0.25,0.39,0.48,0.56,0.61,0.69,0.71,0.74,0.86,0.86,0.89,0.93,0.87,0.88
2022-09-12,224,"dish","household",0.01,0.04,0.06,0.11,0.13,0.18,0.19,0.25,0.3,0.34,0.37,0.47,0.63,0.47,0.54
2022-09-12,225,"fork","household",0.06,0.13,0.19,0.33,0.38,0.42,0.5,0.63,0.67,0.74,0.76,0.79,0.9,0.78,0.81
2022-09-12,226,"garbage","household",0.04,0.06,0.09,0.15,0.18,0.24,0.27,0.39,0.45,0.46,0.5,0.57,0.67,0.66,0.7
2022-09-12,227,"glass","household",0.03,0.04,0.07,0.13,0.15,0.15,0.24,0.33,0.37,0.43,0.47,0.53,0.7,0.59,0.66
2022-09-12,228,"glasses","household",0.05,0.1,0.14,0.25,0.26,0.3,0.37,0.47,0.52,0.62,0.63,0.62,0.84,0.69,0.72
2022-09-12,229,"hammer","household",0.01,0.05,0.07,0.12,0.14,0.17,0.22,0.3,0.35,0.4,0.44,0.49,0.69,0.55,0.6
2022-09-12,230,"jar","household",0.07,0.08,0.09,0.14,0.18,0.18,0.23,0.26,0.24,0.26,0.29,0.33,0.41,0.41,0.41
2022-09-12,231,"keys","household",0.14,0.19,0.29,0.4,0.39,0.43,0.46,0.56,0.64,0.73,0.73,0.74,0.92,0.74,0.8
2022-09-12,232,"knife","household",0.01,0.03,0.06,0.12,0.15,0.18,0.27,0.38,0.43,0.45,0.56,0.55,0.77,0.64,0.7
2022-09-12,233,"lamp","household",0.01,0.04,0.04,0.08,0.1,0.14,0.17,0.24,0.26,0.31,0.32,0.39,0.54,0.45,0.53
2022-09-12,234,"light","household",0.16,0.18,0.29,0.39,0.41,0.5,0.56,0.62,0.67,0.76,0.74,0.78,0.91,0.81,0.82
2022-09-12,235,"medicine","household",0.03,0.06,0.09,0.18,0.19,0.23,0.29,0.36,0.45,0.57,0.6,0.61,0.8,0.67,0.71
2022-09-12,236,"money","household",0.03,0.06,0.1,0.21,0.24,0.28,0.32,0.34,0.47,0.56,0.59,0.62,0.84,0.69,0.71
2022-09-12,237,"mop","household",0.01,0.03,0.03,0.07,0.08,0.1,0.14,0.16,0.19,0.24,0.25,0.32,0.48,0.34,0.41
2022-09-12,238,"nail","household",0,0.03,0.02,0.06,0.08,0.08,0.13,0.19,0.21,0.28,0.29,0.35,0.54,0.45,0.51
2022-09-12,239,"napkin","household",0.01,0.04,0.07,0.13,0.17,0.24,0.3,0.35,0.44,0.53,0.56,0.56,0.78,0.64,0.66
2022-09-12,240,"paper","household",0.06,0.08,0.14,0.25,0.29,0.36,0.39,0.53,0.58,0.67,0.69,0.71,0.88,0.78,0.81
2022-09-12,241,"penny","household",0.01,0.03,0.05,0.08,0.11,0.13,0.17,0.18,0.24,0.34,0.36,0.38,0.61,0.36,0.44
2022-09-12,242,"picture","household",0.03,0.05,0.11,0.18,0.2,0.25,0.33,0.42,0.48,0.59,0.63,0.67,0.82,0.73,0.78
2022-09-12,243,"pillow","household",0.05,0.1,0.15,0.28,0.3,0.38,0.44,0.53,0.59,0.68,0.73,0.75,0.9,0.8,0.81
2022-09-12,244,"plant","household",0.02,0.06,0.07,0.11,0.14,0.18,0.21,0.31,0.33,0.39,0.44,0.48,0.64,0.53,0.62
2022-09-12,245,"plate","household",0.02,0.06,0.1,0.16,0.23,0.31,0.38,0.47,0.51,0.62,0.61,0.64,0.81,0.74,0.76
2022-09-12,246,"purse","household",0.03,0.07,0.1,0.18,0.18,0.21,0.29,0.32,0.38,0.48,0.51,0.54,0.73,0.54,0.63
2022-09-12,247,"radio","household",0.01,0.03,0.04,0.07,0.11,0.11,0.2,0.17,0.2,0.28,0.3,0.34,0.59,0.41,0.47
2022-09-12,248,"scissors","household",0.01,0.03,0.03,0.1,0.11,0.15,0.22,0.28,0.35,0.45,0.48,0.5,0.73,0.65,0.7
2022-09-12,249,"soap","household",0.04,0.07,0.14,0.26,0.29,0.4,0.42,0.52,0.6,0.7,0.7,0.72,0.88,0.79,0.78
2022-09-12,250,"spoon","household",0.17,0.21,0.33,0.46,0.5,0.56,0.62,0.7,0.73,0.8,0.8,0.81,0.93,0.84,0.85
2022-09-12,251,"tape","household",0.01,0.03,0.05,0.1,0.11,0.14,0.2,0.26,0.33,0.4,0.41,0.51,0.69,0.52,0.62
2022-09-12,252,"telephone","household",0.1,0.17,0.22,0.36,0.4,0.52,0.57,0.64,0.68,0.77,0.77,0.78,0.92,0.86,0.85
2022-09-12,253,"tissue/kleenex","household",0.02,0.05,0.08,0.14,0.2,0.27,0.29,0.38,0.45,0.55,0.56,0.58,0.79,0.63,0.69
2022-09-12,254,"toothbrush","household",0.11,0.14,0.23,0.36,0.37,0.43,0.52,0.64,0.65,0.74,0.75,0.76,0.91,0.81,0.83
2022-09-12,255,"towel","household",0.05,0.09,0.13,0.24,0.26,0.32,0.43,0.49,0.55,0.66,0.67,0.69,0.88,0.76,0.78
2022-09-12,256,"trash","household",0.05,0.1,0.15,0.26,0.3,0.28,0.41,0.43,0.44,0.55,0.52,0.62,0.75,0.59,0.63
2022-09-12,257,"tray","household",0,0.02,0.02,0.05,0.04,0.06,0.08,0.12,0.12,0.13,0.16,0.2,0.31,0.22,0.3
2022-09-12,258,"vacuum","household",0.04,0.07,0.13,0.2,0.24,0.3,0.34,0.38,0.46,0.54,0.58,0.62,0.77,0.67,0.69
2022-09-12,259,"walker","household",0,0.02,0.01,0.02,0.02,0.03,0.05,0.07,0.08,0.09,0.08,0.16,0.21,0.18,0.18
2022-09-12,260,"watch (object)","household",0.03,0.07,0.12,0.21,0.2,0.23,0.29,0.37,0.4,0.5,0.53,0.53,0.77,0.59,0.63
2022-09-12,261,"basement","furniture_rooms",0.01,0.02,0.02,0.02,0.04,0.06,0.11,0.13,0.14,0.17,0.18,0.24,0.28,0.25,0.23
2022-09-12,262,"bathroom","furniture_rooms",0.03,0.07,0.12,0.21,0.23,0.27,0.42,0.46,0.54,0.65,0.68,0.69,0.85,0.78,0.81
2022-09-12,263,"bathtub","furniture_rooms",0.11,0.16,0.24,0.33,0.36,0.38,0.51,0.57,0.6,0.67,0.71,0.72,0.87,0.74,0.76
2022-09-12,264,"bed","furniture_rooms",0.13,0.21,0.29,0.4,0.48,0.56,0.62,0.71,0.74,0.84,0.84,0.88,0.94,0.88,0.87
2022-09-12,265,"bedroom","furniture_rooms",0.01,0.05,0.07,0.13,0.15,0.21,0.27,0.33,0.43,0.51,0.54,0.6,0.77,0.68,0.72
2022-09-12,266,"bench","furniture_rooms",0,0.03,0.02,0.04,0.04,0.05,0.09,0.14,0.15,0.16,0.23,0.26,0.38,0.31,0.4
2022-09-12,267,"chair","furniture_rooms",0.12,0.17,0.28,0.41,0.44,0.46,0.58,0.64,0.72,0.79,0.79,0.81,0.93,0.85,0.86
2022-09-12,268,"closet","furniture_rooms",0,0.03,0.04,0.09,0.08,0.15,0.21,0.24,0.34,0.42,0.45,0.54,0.71,0.62,0.68
2022-09-12,269,"couch","furniture_rooms",0.02,0.05,0.11,0.18,0.2,0.26,0.34,0.42,0.49,0.57,0.59,0.65,0.82,0.7,0.72
2022-09-12,270,"crib","furniture_rooms",0.03,0.05,0.08,0.13,0.17,0.24,0.27,0.39,0.39,0.48,0.55,0.56,0.7,0.6,0.68
2022-09-12,271,"door","furniture_rooms",0.15,0.25,0.3,0.41,0.46,0.52,0.6,0.65,0.73,0.8,0.8,0.86,0.93,0.85,0.87
2022-09-12,272,"drawer","furniture_rooms",0.01,0.03,0.05,0.08,0.09,0.11,0.18,0.21,0.27,0.33,0.37,0.47,0.61,0.5,0.57
2022-09-12,273,"dryer","furniture_rooms",0,0.02,0.03,0.09,0.06,0.09,0.14,0.19,0.21,0.28,0.33,0.39,0.56,0.46,0.5
2022-09-12,274,"garage","furniture_rooms",0.01,0.02,0.03,0.09,0.1,0.13,0.18,0.24,0.3,0.38,0.4,0.45,0.66,0.51,0.57
2022-09-12,275,"high chair","furniture_rooms",0.04,0.08,0.14,0.18,0.18,0.24,0.29,0.37,0.4,0.44,0.51,0.51,0.69,0.56,0.62
2022-09-12,276,"kitchen","furniture_rooms",0.02,0.05,0.1,0.17,0.19,0.29,0.33,0.42,0.5,0.6,0.63,0.68,0.83,0.74,0.79
2022-09-12,277,"living room","furniture_rooms",0,0.03,0.04,0.06,0.06,0.11,0.16,0.24,0.27,0.33,0.41,0.46,0.6,0.5,0.57
2022-09-12,278,"oven","furniture_rooms",0.01,0.04,0.04,0.09,0.11,0.15,0.22,0.25,0.32,0.37,0.44,0.48,0.64,0.56,0.6
2022-09-12,279,"play pen","furniture_rooms",0,0.02,0.02,0.04,0.03,0.03,0.05,0.09,0.08,0.11,0.13,0.15,0.3,0.21,0.24
2022-09-12,280,"porch","furniture_rooms",0.01,0.01,0.02,0.04,0.06,0.07,0.1,0.13,0.14,0.19,0.22,0.31,0.41,0.28,0.34
2022-09-12,281,"potty","furniture_rooms",0.1,0.15,0.26,0.39,0.44,0.49,0.58,0.64,0.68,0.77,0.79,0.79,0.9,0.82,0.83
2022-09-12,282,"rocking chair","furniture_rooms",0.01,0.04,0.06,0.13,0.15,0.15,0.23,0.24,0.27,0.35,0.39,0.43,0.59,0.46,0.53
2022-09-12,283,"refrigerator","furniture_rooms",0.01,0.05,0.06,0.13,0.15,0.16,0.25,0.29,0.37,0.46,0.5,0.57,0.76,0.61,0.67
2022-09-12,284,"room","furniture_rooms",0.03,0.05,0.07,0.15,0.18,0.2,0.31,0.38,0.44,0.53,0.58,0.63,0.79,0.65,0.75
2022-09-12,285,"shower","furniture_rooms",0.03,0.08,0.11,0.2,0.24,0.27,0.35,0.44,0.49,0.59,0.6,0.62,0.8,0.71,0.74
2022-09-12,286,"sink","furniture_rooms",0.01,0.04,0.07,0.13,0.12,0.21,0.27,0.33,0.42,0.47,0.53,0.58,0.75,0.65,0.7
2022-09-12,287,"sofa","furniture_rooms",0,0.03,0.04,0.05,0.07,0.09,0.09,0.15,0.19,0.24,0.26,0.29,0.41,0.38,0.46
2022-09-12,288,"stairs","furniture_rooms",0.02,0.06,0.11,0.17,0.18,0.24,0.33,0.42,0.45,0.54,0.58,0.61,0.81,0.66,0.72
2022-09-12,289,"stove","furniture_rooms",0.02,0.05,0.07,0.13,0.14,0.19,0.25,0.28,0.32,0.35,0.42,0.47,0.61,0.52,0.55
2022-09-12,290,"table","furniture_rooms",0.02,0.07,0.11,0.21,0.24,0.29,0.36,0.46,0.53,0.65,0.67,0.67,0.86,0.77,0.8
2022-09-12,291,"TV","furniture_rooms",0.08,0.13,0.21,0.33,0.38,0.44,0.47,0.58,0.64,0.75,0.76,0.74,0.93,0.86,0.88
2022-09-12,292,"window","furniture_rooms",0.02,0.05,0.08,0.16,0.18,0.23,0.27,0.33,0.42,0.52,0.58,0.65,0.81,0.7,0.7
2022-09-12,293,"washing machine","furniture_rooms",0,0.04,0.06,0.1,0.1,0.14,0.19,0.3,0.28,0.32,0.36,0.4,0.58,0.53,0.64
2022-09-12,294,"backyard","outside",0.01,0.03,0.06,0.07,0.09,0.16,0.17,0.24,0.29,0.36,0.41,0.45,0.65,0.51,0.57
2022-09-12,295,"cloud","outside",0.03,0.05,0.09,0.14,0.18,0.23,0.27,0.37,0.43,0.49,0.49,0.57,0.74,0.66,0.72
2022-09-12,296,"flag","outside",0.01,0.04,0.07,0.13,0.11,0.17,0.19,0.24,0.32,0.41,0.44,0.43,0.65,0.51,0.58
2022-09-12,297,"flower","outside",0.14,0.22,0.28,0.44,0.47,0.5,0.55,0.66,0.7,0.81,0.77,0.84,0.92,0.86,0.89
2022-09-12,298,"garden","outside",0,0.02,0.04,0.06,0.06,0.09,0.13,0.2,0.24,0.25,0.32,0.36,0.51,0.47,0.51
2022-09-12,299,"grass","outside",0.06,0.09,0.14,0.22,0.26,0.29,0.39,0.47,0.54,0.65,0.65,0.69,0.85,0.75,0.78
2022-09-12,300,"hose","outside",0.01,0.03,0.04,0.09,0.09,0.11,0.17,0.23,0.28,0.35,0.38,0.42,0.63,0.51,0.53
2022-09-12,301,"ladder","outside",0,0.03,0.03,0.08,0.07,0.13,0.16,0.22,0.27,0.36,0.36,0.42,0.62,0.53,0.56
2022-09-12,302,"lawn mower","outside",0.03,0.04,0.07,0.13,0.13,0.18,0.19,0.27,0.29,0.38,0.41,0.45,0.61,0.48,0.49
2022-09-12,303,"moon","outside",0.12,0.22,0.28,0.4,0.42,0.49,0.58,0.63,0.68,0.77,0.75,0.77,0.9,0.82,0.85
2022-09-12,304,"pool","outside",0.06,0.1,0.14,0.21,0.27,0.33,0.35,0.43,0.5,0.6,0.62,0.63,0.82,0.71,0.76
2022-09-12,305,"rain","outside",0.06,0.1,0.16,0.28,0.35,0.4,0.46,0.59,0.65,0.74,0.74,0.77,0.91,0.82,0.86
2022-09-12,306,"rock","outside",0.09,0.15,0.2,0.32,0.36,0.37,0.49,0.57,0.62,0.68,0.68,0.71,0.87,0.77,0.79
2022-09-12,307,"roof","outside",0,0.02,0.02,0.04,0.04,0.07,0.11,0.15,0.19,0.21,0.26,0.3,0.49,0.41,0.48
2022-09-12,308,"sandbox","outside",0.01,0.02,0.05,0.09,0.08,0.12,0.14,0.21,0.28,0.33,0.34,0.43,0.6,0.45,0.5
2022-09-12,309,"shovel","outside",0.02,0.05,0.06,0.11,0.13,0.19,0.24,0.31,0.38,0.41,0.45,0.51,0.71,0.59,0.63
2022-09-12,310,"sidewalk","outside",0,0.03,0.03,0.07,0.07,0.09,0.15,0.19,0.26,0.32,0.37,0.4,0.59,0.5,0.56
2022-09-12,311,"sky","outside",0.04,0.08,0.13,0.22,0.24,0.31,0.35,0.41,0.48,0.56,0.59,0.65,0.78,0.66,0.75
2022-09-12,312,"slide (object)","outside",0.08,0.11,0.16,0.25,0.31,0.35,0.41,0.54,0.55,0.63,0.65,0.69,0.84,0.73,0.74
2022-09-12,313,"snow","outside",0.07,0.11,0.13,0.16,0.2,0.32,0.32,0.44,0.49,0.49,0.55,0.62,0.7,0.69,0.7
2022-09-12,314,"snowman","outside",0.02,0.04,0.04,0.08,0.1,0.15,0.21,0.26,0.32,0.35,0.42,0.45,0.59,0.61,0.62
2022-09-12,315,"sprinkler","outside",0,0.01,0.02,0.06,0.04,0.06,0.09,0.15,0.17,0.28,0.27,0.27,0.47,0.38,0.42
2022-09-12,316,"star","outside",0.09,0.15,0.2,0.3,0.3,0.44,0.46,0.53,0.61,0.68,0.67,0.73,0.85,0.8,0.83
2022-09-12,317,"stick","outside",0.05,0.06,0.11,0.19,0.19,0.22,0.33,0.41,0.48,0.55,0.57,0.64,0.79,0.68,0.69
2022-09-12,318,"stone","outside",0.01,0.02,0.04,0.05,0.05,0.09,0.12,0.14,0.17,0.22,0.2,0.31,0.39,0.36,0.41
2022-09-12,319,"street","outside",0.01,0.03,0.05,0.1,0.13,0.17,0.23,0.3,0.38,0.45,0.48,0.53,0.75,0.62,0.67
2022-09-12,320,"sun","outside",0.06,0.11,0.13,0.26,0.3,0.4,0.46,0.52,0.6,0.71,0.7,0.76,0.87,0.81,0.84
2022-09-12,321,"swing (object)","outside",0.11,0.16,0.21,0.31,0.37,0.38,0.48,0.55,0.61,0.68,0.7,0.71,0.87,0.74,0.77
2022-09-12,322,"tree","outside",0.18,0.21,0.32,0.43,0.47,0.59,0.58,0.7,0.75,0.79,0.8,0.86,0.93,0.87,0.86
2022-09-12,323,"water (not beverage)","outside",0.17,0.22,0.31,0.41,0.53,0.55,0.58,0.69,0.72,0.8,0.76,0.83,0.94,0.83,0.89
2022-09-12,324,"wind","outside",0.02,0.04,0.07,0.13,0.14,0.19,0.23,0.34,0.36,0.47,0.45,0.53,0.69,0.61,0.66
2022-09-12,325,"beach","places",0.02,0.05,0.07,0.1,0.14,0.2,0.25,0.29,0.33,0.37,0.45,0.52,0.67,0.58,0.67
2022-09-12,326,"camping","places",0,0.02,0.01,0.01,0.01,0.05,0.05,0.08,0.11,0.13,0.17,0.17,0.29,0.23,0.29
2022-09-12,327,"church*","places",0.04,0.05,0.09,0.16,0.18,0.18,0.23,0.23,0.26,0.39,0.38,0.43,0.53,0.41,0.44
2022-09-12,328,"circus","places",0,0.01,0.02,0.02,0.02,0.02,0.04,0.07,0.08,0.14,0.16,0.19,0.33,0.21,0.28
2022-09-12,329,"country","places",0,0.01,0.01,0.01,0.01,0.01,0.03,0.03,0.04,0.06,0.05,0.09,0.14,0.11,0.17
2022-09-12,330,"downtown","places",0,0.01,0.01,0.03,0.02,0.03,0.03,0.06,0.08,0.1,0.11,0.15,0.22,0.2,0.22
2022-09-12,331,"farm","places",0.01,0.02,0.02,0.08,0.1,0.14,0.15,0.25,0.27,0.34,0.41,0.42,0.57,0.5,0.58
2022-09-12,332,"gas station","places",0,0.02,0.02,0.03,0.04,0.04,0.1,0.11,0.17,0.22,0.28,0.32,0.51,0.45,0.5
2022-09-12,333,"home","places",0.09,0.18,0.23,0.34,0.4,0.44,0.53,0.6,0.68,0.76,0.77,0.8,0.9,0.82,0.83
2022-09-12,334,"house","places",0.07,0.11,0.18,0.28,0.3,0.37,0.43,0.5,0.59,0.67,0.69,0.72,0.85,0.81,0.83
2022-09-12,335,"movie","places",0.02,0.02,0.04,0.08,0.1,0.13,0.16,0.2,0.27,0.32,0.39,0.41,0.59,0.51,0.6
2022-09-12,336,"outside","places",0.19,0.25,0.34,0.46,0.52,0.57,0.61,0.68,0.7,0.77,0.77,0.8,0.91,0.84,0.83
2022-09-12,337,"park","places",0.06,0.1,0.18,0.26,0.28,0.33,0.44,0.52,0.59,0.66,0.68,0.69,0.84,0.78,0.85
2022-09-12,338,"party","places",0.01,0.03,0.04,0.09,0.09,0.13,0.17,0.26,0.35,0.47,0.48,0.5,0.71,0.59,0.68
2022-09-12,339,"picnic","places",0,0.02,0.03,0.05,0.04,0.06,0.09,0.14,0.19,0.25,0.3,0.34,0.48,0.44,0.48
2022-09-12,340,"playground","places",0.01,0.03,0.05,0.08,0.09,0.13,0.19,0.32,0.31,0.38,0.41,0.47,0.57,0.6,0.65
2022-09-12,341,"school","places",0.03,0.09,0.12,0.19,0.26,0.29,0.36,0.41,0.5,0.62,0.63,0.68,0.81,0.73,0.79
2022-09-12,342,"store","places",0.02,0.05,0.09,0.19,0.22,0.26,0.35,0.4,0.47,0.59,0.64,0.64,0.84,0.72,0.73
2022-09-12,343,"woods","places",0,0.02,0.01,0.03,0.02,0.04,0.05,0.08,0.09,0.12,0.14,0.2,0.26,0.23,0.27
2022-09-12,344,"work (place)","places",0.02,0.05,0.11,0.16,0.21,0.22,0.3,0.39,0.48,0.57,0.61,0.63,0.81,0.69,0.73
2022-09-12,345,"yard","places",0.01,0.03,0.04,0.08,0.09,0.11,0.16,0.19,0.25,0.34,0.38,0.43,0.57,0.48,0.52
2022-09-12,346,"zoo","places",0.02,0.07,0.09,0.13,0.13,0.23,0.26,0.27,0.35,0.44,0.44,0.52,0.68,0.55,0.6
2022-09-12,347,"aunt","people",0.06,0.08,0.12,0.17,0.18,0.2,0.28,0.37,0.43,0.47,0.49,0.56,0.7,0.59,0.63
2022-09-12,348,"baby","people",0.49,0.58,0.65,0.74,0.74,0.84,0.83,0.83,0.88,0.92,0.89,0.92,0.96,0.95,0.94
2022-09-12,349,"babysitter","people",0,0.01,0.01,0.03,0.03,0.03,0.04,0.07,0.11,0.15,0.12,0.17,0.31,0.26,0.23
2022-09-12,350,"babysitter's name","people",0.12,0.15,0.17,0.25,0.25,0.3,0.29,0.34,0.39,0.47,0.45,0.49,0.63,0.44,0.47
2022-09-12,351,"boy","people",0.06,0.11,0.16,0.26,0.29,0.31,0.37,0.43,0.51,0.58,0.63,0.66,0.83,0.74,0.78
2022-09-12,352,"brother","people",0.07,0.14,0.15,0.17,0.19,0.21,0.28,0.3,0.31,0.39,0.46,0.44,0.58,0.59,0.59
2022-09-12,353,"child","people",0.01,0.03,0.03,0.04,0.05,0.07,0.08,0.12,0.16,0.16,0.18,0.26,0.33,0.33,0.38
2022-09-12,354,"clown","people",0.01,0.04,0.06,0.08,0.1,0.13,0.12,0.14,0.21,0.29,0.3,0.34,0.62,0.35,0.44
2022-09-12,355,"cowboy","people",0,0.02,0.01,0.02,0.02,0.04,0.04,0.08,0.11,0.17,0.17,0.19,0.37,0.3,0.36
2022-09-12,356,"daddy*","people",0.9,0.89,0.92,0.93,0.93,0.95,0.93,0.94,0.95,0.95,0.96,0.95,0.98,0.95,0.94
2022-09-12,357,"doctor","people",0.06,0.04,0.09,0.17,0.2,0.24,0.27,0.33,0.41,0.55,0.55,0.62,0.77,0.71,0.76
2022-09-12,358,"fireman","people",0,0.03,0.02,0.04,0.04,0.09,0.11,0.18,0.24,0.3,0.34,0.42,0.58,0.53,0.57
2022-09-12,359,"friend","people",0.02,0.03,0.04,0.1,0.11,0.15,0.22,0.29,0.34,0.38,0.44,0.47,0.65,0.63,0.69
2022-09-12,360,"girl","people",0.07,0.09,0.12,0.25,0.26,0.3,0.36,0.4,0.46,0.52,0.59,0.6,0.78,0.69,0.73
2022-09-12,361,"grandma*","people",0.36,0.43,0.53,0.63,0.66,0.71,0.76,0.81,0.83,0.88,0.86,0.88,0.94,0.9,0.87
2022-09-12,362,"grandpa*","people",0.32,0.38,0.46,0.56,0.59,0.62,0.7,0.76,0.76,0.82,0.84,0.83,0.91,0.86,0.84
2022-09-12,363,"lady","people",0.01,0.02,0.04,0.08,0.11,0.12,0.16,0.18,0.25,0.29,0.35,0.39,0.55,0.45,0.48
2022-09-12,364,"mailman","people",0.01,0.03,0.03,0.05,0.05,0.1,0.13,0.17,0.18,0.23,0.31,0.36,0.5,0.41,0.45
2022-09-12,365,"man","people",0.03,0.06,0.07,0.15,0.16,0.2,0.27,0.3,0.37,0.44,0.47,0.51,0.7,0.59,0.63
2022-09-12,366,"mommy*","people",0.89,0.9,0.93,0.94,0.95,0.95,0.95,0.93,0.96,0.96,0.96,0.97,0.98,0.97,0.95
2022-09-12,367,"nurse","people",0.01,0.02,0.02,0.03,0.03,0.05,0.05,0.07,0.08,0.13,0.15,0.17,0.29,0.24,0.28
2022-09-12,368,"child's own name","people",0.2,0.26,0.37,0.48,0.49,0.54,0.62,0.66,0.74,0.8,0.83,0.84,0.91,0.87,0.9
2022-09-12,369,"people","people",0.03,0.04,0.06,0.12,0.1,0.13,0.19,0.28,0.31,0.34,0.39,0.45,0.61,0.53,0.61
2022-09-12,370,"person","people",0,0.02,0.02,0.03,0.04,0.05,0.07,0.09,0.11,0.14,0.17,0.22,0.28,0.3,0.35
2022-09-12,371,"pet's name","people",0.26,0.29,0.36,0.44,0.41,0.52,0.53,0.53,0.57,0.61,0.65,0.64,0.78,0.69,0.66
2022-09-12,372,"police","people",0,0.02,0.02,0.03,0.03,0.07,0.09,0.14,0.19,0.27,0.31,0.35,0.52,0.48,0.55
2022-09-12,373,"sister","people",0.11,0.14,0.15,0.17,0.23,0.21,0.31,0.31,0.34,0.39,0.42,0.46,0.56,0.56,0.59
2022-09-12,374,"teacher","people",0.01,0.03,0.04,0.07,0.09,0.12,0.14,0.2,0.24,0.32,0.34,0.39,0.52,0.54,0.58
2022-09-12,375,"uncle","people",0.04,0.05,0.09,0.14,0.16,0.18,0.28,0.34,0.4,0.46,0.48,0.5,0.67,0.59,0.65
2022-09-12,376,"bath","games_routines",0.32,0.4,0.48,0.6,0.61,0.67,0.73,0.79,0.8,0.85,0.85,0.87,0.95,0.86,0.86
2022-09-12,377,"breakfast","games_routines",0.04,0.08,0.11,0.2,0.22,0.28,0.36,0.44,0.5,0.58,0.62,0.64,0.8,0.74,0.74
2022-09-12,378,"bye","games_routines",0.65,0.71,0.8,0.86,0.86,0.87,0.9,0.91,0.93,0.95,0.93,0.93,0.97,0.95,0.97
2022-09-12,379,"call (on phone)","games_routines",0.11,0.11,0.16,0.24,0.27,0.33,0.42,0.48,0.53,0.63,0.65,0.68,0.78,0.73,0.76
2022-09-12,380,"dinner","games_routines",0.04,0.06,0.08,0.17,0.2,0.27,0.34,0.43,0.48,0.59,0.6,0.65,0.79,0.72,0.75
2022-09-12,381,"give me five!","games_routines",0.09,0.1,0.16,0.23,0.24,0.3,0.32,0.37,0.44,0.54,0.51,0.57,0.69,0.67,0.73
2022-09-12,382,"gonna get you!","games_routines",0.07,0.1,0.15,0.2,0.22,0.26,0.3,0.38,0.43,0.55,0.57,0.58,0.74,0.63,0.71
2022-09-12,383,"go potty","games_routines",0.07,0.11,0.17,0.26,0.33,0.35,0.46,0.53,0.59,0.69,0.7,0.76,0.87,0.79,0.81
2022-09-12,384,"hello","games_routines",0.43,0.46,0.47,0.52,0.57,0.64,0.66,0.72,0.72,0.73,0.73,0.76,0.81,0.83,0.88
2022-09-12,385,"hi","games_routines",0.52,0.56,0.66,0.75,0.72,0.79,0.8,0.79,0.86,0.91,0.9,0.92,0.96,0.91,0.9
2022-09-12,386,"lunch","games_routines",0.05,0.06,0.1,0.19,0.2,0.26,0.34,0.41,0.47,0.57,0.63,0.64,0.78,0.73,0.76
2022-09-12,387,"nap","games_routines",0.08,0.12,0.17,0.28,0.3,0.37,0.46,0.55,0.61,0.71,0.71,0.76,0.88,0.81,0.81
2022-09-12,388,"night night","games_routines",0.38,0.37,0.51,0.62,0.63,0.68,0.75,0.74,0.78,0.83,0.84,0.87,0.93,0.88,0.87
2022-09-12,389,"no","games_routines",0.56,0.64,0.73,0.8,0.82,0.85,0.9,0.85,0.91,0.93,0.94,0.94,0.97,0.95,0.97
2022-09-12,390,"pattycake","games_routines",0.05,0.09,0.13,0.21,0.2,0.26,0.27,0.32,0.33,0.45,0.44,0.47,0.67,0.49,0.54
2022-09-12,391,"peekaboo","games_routines",0.26,0.34,0.42,0.51,0.52,0.56,0.61,0.66,0.72,0.78,0.78,0.79,0.9,0.8,0.85
2022-09-12,392,"please","games_routines",0.24,0.34,0.42,0.57,0.57,0.68,0.73,0.79,0.81,0.87,0.86,0.91,0.96,0.93,0.95
2022-09-12,393,"shh/shush/hush","games_routines",0.29,0.4,0.45,0.56,0.56,0.64,0.68,0.72,0.73,0.84,0.81,0.84,0.91,0.84,0.87
2022-09-12,394,"shopping","games_routines",0.02,0.03,0.06,0.11,0.12,0.13,0.2,0.29,0.35,0.43,0.47,0.52,0.7,0.6,0.66
2022-09-12,395,"snack","games_routines",0.11,0.13,0.19,0.26,0.28,0.33,0.45,0.52,0.56,0.62,0.64,0.7,0.78,0.73,0.8
2022-09-12,396,"so big!","games_routines",0.06,0.07,0.11,0.14,0.18,0.21,0.25,0.32,0.39,0.45,0.5,0.5,0.6,0.6,0.63
2022-09-12,397,"thank you","games_routines",0.29,0.36,0.47,0.61,0.61,0.67,0.75,0.78,0.8,0.89,0.86,0.9,0.95,0.94,0.96
2022-09-12,398,"this little piggy","games_routines",0.03,0.04,0.07,0.14,0.13,0.14,0.19,0.26,0.32,0.42,0.41,0.43,0.65,0.49,0.56
2022-09-12,399,"turn around","games_routines",0.02,0.05,0.05,0.11,0.13,0.16,0.19,0.3,0.36,0.44,0.45,0.53,0.68,0.59,0.66
2022-09-12,400,"yes","games_routines",0.31,0.41,0.47,0.6,0.61,0.75,0.79,0.79,0.83,0.9,0.9,0.9,0.95,0.94,0.94
2022-09-12,401,"bite","action_words",0.14,0.14,0.2,0.33,0.33,0.37,0.48,0.51,0.58,0.69,0.67,0.72,0.88,0.75,0.78
2022-09-12,402,"blow","action_words",0.06,0.07,0.1,0.21,0.23,0.28,0.32,0.4,0.49,0.61,0.59,0.64,0.82,0.69,0.71
2022-09-12,403,"break","action_words",0.01,0.03,0.06,0.11,0.15,0.19,0.26,0.36,0.44,0.5,0.56,0.57,0.8,0.68,0.73
2022-09-12,404,"bring","action_words",0.02,0.03,0.05,0.09,0.11,0.13,0.18,0.29,0.32,0.41,0.41,0.5,0.65,0.58,0.63
2022-09-12,405,"build","action_words",0.01,0.03,0.02,0.07,0.06,0.11,0.16,0.24,0.3,0.38,0.44,0.48,0.62,0.6,0.65
2022-09-12,406,"bump","action_words",0.03,0.05,0.1,0.15,0.16,0.17,0.24,0.31,0.35,0.41,0.48,0.44,0.67,0.57,0.61
2022-09-12,407,"buy","action_words",0.01,0.03,0.03,0.06,0.07,0.09,0.12,0.19,0.23,0.29,0.34,0.44,0.59,0.54,0.62
2022-09-12,408,"carry","action_words",0.02,0.04,0.04,0.11,0.12,0.17,0.26,0.33,0.4,0.51,0.54,0.58,0.72,0.68,0.69
2022-09-12,409,"catch","action_words",0.02,0.05,0.07,0.11,0.13,0.18,0.24,0.31,0.39,0.5,0.53,0.56,0.75,0.69,0.72
2022-09-12,410,"chase","action_words",0.02,0.03,0.04,0.09,0.08,0.1,0.15,0.21,0.29,0.33,0.34,0.38,0.57,0.48,0.55
2022-09-12,411,"clap","action_words",0.06,0.13,0.17,0.28,0.3,0.34,0.39,0.48,0.53,0.63,0.63,0.66,0.79,0.76,0.75
2022-09-12,412,"clean (action)","action_words",0.02,0.06,0.11,0.19,0.23,0.29,0.36,0.43,0.52,0.59,0.63,0.65,0.83,0.73,0.79
2022-09-12,413,"climb","action_words",0.03,0.04,0.06,0.11,0.14,0.17,0.28,0.33,0.41,0.5,0.51,0.54,0.73,0.63,0.7
2022-09-12,414,"close","action_words",0.06,0.06,0.11,0.15,0.2,0.23,0.32,0.4,0.48,0.56,0.56,0.6,0.8,0.71,0.77
2022-09-12,415,"cook","action_words",0.03,0.05,0.06,0.16,0.15,0.22,0.3,0.34,0.42,0.54,0.54,0.57,0.74,0.66,0.71
2022-09-12,416,"cover","action_words",0.01,0.02,0.03,0.05,0.04,0.1,0.1,0.16,0.22,0.29,0.31,0.37,0.57,0.5,0.52
2022-09-12,417,"cry","action_words",0.06,0.05,0.11,0.19,0.27,0.31,0.39,0.46,0.52,0.68,0.69,0.7,0.88,0.81,0.81
2022-09-12,418,"cut","action_words",0,0.03,0.03,0.07,0.09,0.13,0.18,0.25,0.31,0.4,0.45,0.51,0.68,0.61,0.65
2022-09-12,419,"dance","action_words",0.07,0.11,0.15,0.25,0.25,0.34,0.38,0.52,0.53,0.64,0.65,0.69,0.82,0.77,0.8
2022-09-12,420,"draw","action_words",0.03,0.05,0.05,0.15,0.14,0.2,0.29,0.35,0.4,0.51,0.51,0.59,0.73,0.67,0.7
2022-09-12,421,"drink (action)","action_words",0.13,0.13,0.23,0.35,0.35,0.45,0.48,0.56,0.62,0.75,0.73,0.74,0.89,0.8,0.82
2022-09-12,422,"drive","action_words",0.01,0.04,0.06,0.14,0.12,0.2,0.24,0.37,0.42,0.52,0.52,0.57,0.78,0.67,0.71
2022-09-12,423,"drop","action_words",0.02,0.04,0.05,0.11,0.12,0.12,0.21,0.29,0.36,0.45,0.48,0.52,0.71,0.61,0.66
2022-09-12,424,"dry (action)","action_words",0.01,0.03,0.05,0.08,0.1,0.13,0.16,0.27,0.29,0.37,0.39,0.48,0.67,0.56,0.59
2022-09-12,425,"dump","action_words",0.01,0.02,0.02,0.05,0.08,0.08,0.12,0.18,0.22,0.25,0.26,0.33,0.44,0.43,0.42
2022-09-12,426,"eat","action_words",0.2,0.21,0.35,0.47,0.47,0.55,0.66,0.68,0.74,0.83,0.82,0.86,0.94,0.89,0.89
2022-09-12,427,"fall","action_words",0.04,0.06,0.09,0.19,0.23,0.26,0.39,0.47,0.56,0.65,0.7,0.7,0.86,0.78,0.79
2022-09-12,428,"feed","action_words",0.02,0.03,0.04,0.09,0.1,0.13,0.16,0.25,0.29,0.36,0.42,0.48,0.66,0.53,0.6
2022-09-12,429,"find","action_words",0.02,0.03,0.04,0.1,0.12,0.18,0.23,0.34,0.38,0.48,0.48,0.56,0.76,0.68,0.71
2022-09-12,430,"finish","action_words",0.01,0.03,0.04,0.08,0.08,0.08,0.15,0.25,0.26,0.31,0.36,0.38,0.56,0.55,0.63
2022-09-12,431,"fit","action_words",0,0.02,0.02,0.06,0.03,0.05,0.09,0.16,0.21,0.23,0.3,0.34,0.51,0.44,0.53
2022-09-12,432,"fix","action_words",0.02,0.03,0.05,0.13,0.14,0.19,0.24,0.35,0.41,0.51,0.54,0.6,0.79,0.66,0.73
2022-09-12,433,"get","action_words",0.07,0.07,0.11,0.21,0.21,0.26,0.34,0.39,0.48,0.58,0.6,0.62,0.82,0.73,0.76
2022-09-12,434,"give","action_words",0.03,0.05,0.06,0.1,0.13,0.16,0.22,0.31,0.38,0.48,0.51,0.55,0.75,0.69,0.73
2022-09-12,435,"go","action_words",0.25,0.29,0.38,0.5,0.54,0.6,0.68,0.68,0.76,0.83,0.82,0.84,0.93,0.89,0.91
2022-09-12,436,"hate","action_words",0,0.02,0.01,0.02,0.01,0.01,0.02,0.05,0.04,0.08,0.1,0.14,0.2,0.18,0.2
2022-09-12,437,"have","action_words",0.01,0.03,0.04,0.1,0.11,0.16,0.2,0.3,0.37,0.43,0.49,0.54,0.72,0.64,0.7
2022-09-12,438,"hear","action_words",0.02,0.03,0.03,0.09,0.08,0.1,0.17,0.24,0.31,0.37,0.41,0.47,0.65,0.6,0.66
2022-09-12,439,"help","action_words",0.09,0.12,0.2,0.27,0.32,0.38,0.46,0.55,0.6,0.7,0.73,0.74,0.88,0.82,0.85
2022-09-12,440,"hide","action_words",0.01,0.03,0.05,0.12,0.13,0.2,0.27,0.35,0.42,0.51,0.53,0.57,0.76,0.69,0.73
2022-09-12,441,"hit","action_words",0.03,0.04,0.07,0.13,0.16,0.18,0.31,0.39,0.43,0.58,0.57,0.63,0.8,0.7,0.76
2022-09-12,442,"hold","action_words",0.02,0.03,0.06,0.14,0.13,0.19,0.27,0.37,0.42,0.49,0.55,0.58,0.78,0.66,0.7
2022-09-12,443,"hug","action_words",0.15,0.15,0.23,0.32,0.38,0.41,0.49,0.61,0.64,0.73,0.74,0.79,0.89,0.84,0.85
2022-09-12,444,"hurry","action_words",0.01,0.03,0.04,0.07,0.07,0.1,0.15,0.17,0.24,0.33,0.37,0.4,0.62,0.52,0.58
2022-09-12,445,"jump","action_words",0.04,0.08,0.13,0.24,0.26,0.29,0.43,0.55,0.61,0.68,0.69,0.71,0.86,0.8,0.85
2022-09-12,446,"kick","action_words",0.05,0.06,0.1,0.2,0.19,0.22,0.31,0.38,0.47,0.56,0.55,0.62,0.77,0.72,0.74
2022-09-12,447,"kiss","action_words",0.11,0.21,0.26,0.37,0.39,0.45,0.54,0.61,0.68,0.77,0.79,0.82,0.91,0.88,0.87
2022-09-12,448,"knock","action_words",0.04,0.06,0.09,0.14,0.15,0.17,0.27,0.31,0.38,0.45,0.48,0.52,0.69,0.6,0.65
2022-09-12,449,"lick","action_words",0.01,0.03,0.02,0.07,0.06,0.08,0.17,0.21,0.26,0.33,0.36,0.44,0.6,0.54,0.6
2022-09-12,450,"like","action_words",0.01,0.02,0.03,0.1,0.1,0.12,0.19,0.3,0.37,0.43,0.51,0.57,0.74,0.68,0.74
2022-09-12,451,"listen","action_words",0.01,0.03,0.03,0.07,0.08,0.09,0.15,0.2,0.26,0.33,0.31,0.42,0.56,0.53,0.6
2022-09-12,452,"look","action_words",0.06,0.07,0.11,0.2,0.18,0.21,0.33,0.4,0.49,0.61,0.64,0.67,0.83,0.78,0.8
2022-09-12,453,"love","action_words",0.09,0.11,0.15,0.26,0.29,0.35,0.44,0.47,0.55,0.65,0.67,0.71,0.85,0.8,0.83
2022-09-12,454,"make","action_words",0,0.02,0.02,0.06,0.06,0.1,0.18,0.22,0.29,0.37,0.41,0.49,0.7,0.59,0.64
2022-09-12,455,"open","action_words",0.1,0.15,0.19,0.31,0.35,0.41,0.48,0.56,0.64,0.75,0.74,0.77,0.89,0.84,0.86
2022-09-12,456,"paint","action_words",0,0.03,0.04,0.07,0.1,0.17,0.2,0.3,0.35,0.4,0.45,0.52,0.7,0.65,0.68
2022-09-12,457,"pick","action_words",0,0.02,0.03,0.07,0.06,0.09,0.13,0.18,0.23,0.3,0.32,0.41,0.54,0.52,0.58
2022-09-12,458,"play","action_words",0.08,0.08,0.16,0.23,0.28,0.37,0.44,0.56,0.61,0.68,0.72,0.77,0.88,0.82,0.87
2022-09-12,459,"pour","action_words",0,0.03,0.02,0.06,0.05,0.09,0.14,0.19,0.23,0.3,0.33,0.42,0.57,0.48,0.52
2022-09-12,460,"pretend","action_words",0,0.01,0.02,0.03,0.02,0.02,0.06,0.09,0.12,0.17,0.19,0.26,0.38,0.38,0.44
2022-09-12,461,"pull","action_words",0.02,0.03,0.05,0.11,0.11,0.16,0.24,0.28,0.34,0.44,0.46,0.53,0.69,0.6,0.65
2022-09-12,462,"push","action_words",0.03,0.06,0.09,0.16,0.19,0.24,0.31,0.4,0.46,0.57,0.55,0.62,0.78,0.73,0.76
2022-09-12,463,"put","action_words",0.01,0.03,0.04,0.09,0.09,0.14,0.16,0.25,0.3,0.4,0.43,0.47,0.65,0.59,0.63
2022-09-12,464,"read","action_words",0.08,0.11,0.16,0.25,0.29,0.34,0.41,0.51,0.58,0.69,0.7,0.7,0.88,0.79,0.78
2022-09-12,465,"ride","action_words",0.01,0.04,0.09,0.16,0.19,0.23,0.31,0.38,0.45,0.58,0.59,0.6,0.82,0.7,0.7
2022-09-12,466,"rip","action_words",0,0.02,0.02,0.04,0.04,0.05,0.07,0.13,0.14,0.16,0.22,0.28,0.38,0.37,0.39
2022-09-12,467,"run","action_words",0.03,0.04,0.12,0.2,0.22,0.27,0.38,0.48,0.54,0.65,0.67,0.67,0.83,0.77,0.81
2022-09-12,468,"say","action_words",0.02,0.03,0.04,0.1,0.09,0.13,0.15,0.22,0.29,0.35,0.41,0.47,0.63,0.58,0.63
2022-09-12,469,"see","action_words",0.06,0.1,0.15,0.26,0.29,0.33,0.43,0.46,0.55,0.66,0.68,0.73,0.83,0.76,0.79
2022-09-12,470,"shake","action_words",0.02,0.03,0.06,0.12,0.1,0.16,0.2,0.26,0.31,0.36,0.4,0.47,0.59,0.56,0.58
2022-09-12,471,"share","action_words",0,0.03,0.03,0.08,0.09,0.15,0.21,0.27,0.34,0.42,0.44,0.52,0.68,0.6,0.68
2022-09-12,472,"show","action_words",0.01,0.02,0.03,0.06,0.07,0.13,0.16,0.22,0.28,0.34,0.37,0.46,0.62,0.55,0.62
2022-09-12,473,"sing","action_words",0.03,0.05,0.07,0.14,0.16,0.23,0.34,0.39,0.47,0.59,0.6,0.63,0.79,0.7,0.76
2022-09-12,474,"sit","action_words",0.11,0.14,0.21,0.35,0.34,0.4,0.5,0.58,0.64,0.72,0.73,0.73,0.89,0.79,0.8
2022-09-12,475,"skate","action_words",0,0.01,0.01,0.03,0.03,0.04,0.06,0.09,0.11,0.14,0.14,0.22,0.39,0.27,0.36
2022-09-12,476,"sleep","action_words",0.05,0.06,0.14,0.23,0.28,0.33,0.41,0.53,0.59,0.68,0.71,0.78,0.88,0.84,0.83
2022-09-12,477,"slide (action)","action_words",0.04,0.06,0.11,0.17,0.2,0.27,0.29,0.4,0.44,0.54,0.56,0.55,0.76,0.64,0.67
2022-09-12,478,"smile","action_words",0.02,0.03,0.04,0.1,0.1,0.15,0.19,0.26,0.31,0.4,0.43,0.48,0.64,0.6,0.66
2022-09-12,479,"spill","action_words",0,0.03,0.03,0.07,0.08,0.13,0.19,0.23,0.29,0.37,0.44,0.48,0.67,0.6,0.63
2022-09-12,480,"splash","action_words",0.03,0.06,0.09,0.15,0.16,0.15,0.26,0.32,0.4,0.46,0.52,0.55,0.72,0.64,0.69
2022-09-12,481,"stand","action_words",0.01,0.03,0.05,0.09,0.13,0.17,0.22,0.29,0.35,0.41,0.47,0.54,0.68,0.63,0.65
2022-09-12,482,"stay","action_words",0,0.03,0.04,0.08,0.09,0.12,0.18,0.3,0.33,0.4,0.45,0.5,0.68,0.58,0.66
2022-09-12,483,"stop","action_words",0.08,0.09,0.18,0.24,0.28,0.37,0.44,0.53,0.59,0.7,0.72,0.74,0.88,0.81,0.85
2022-09-12,484,"sweep","action_words",0.01,0.04,0.06,0.1,0.12,0.15,0.24,0.28,0.33,0.41,0.41,0.47,0.67,0.57,0.59
2022-09-12,485,"swim","action_words",0.03,0.06,0.09,0.15,0.17,0.23,0.3,0.39,0.45,0.56,0.58,0.58,0.77,0.69,0.76
2022-09-12,486,"swing (action)","action_words",0.08,0.09,0.14,0.24,0.28,0.31,0.37,0.45,0.5,0.62,0.61,0.59,0.82,0.68,0.72
2022-09-12,487,"take","action_words",0.01,0.02,0.03,0.06,0.09,0.11,0.15,0.24,0.31,0.38,0.4,0.47,0.65,0.62,0.65
2022-09-12,488,"talk","action_words",0.01,0.03,0.06,0.11,0.12,0.12,0.2,0.27,0.34,0.44,0.46,0.52,0.73,0.66,0.7
2022-09-12,489,"taste","action_words",0.01,0.02,0.02,0.06,0.07,0.09,0.14,0.19,0.22,0.29,0.33,0.4,0.58,0.48,0.55
2022-09-12,490,"tear","action_words",0,0.02,0.02,0.03,0.03,0.04,0.08,0.09,0.14,0.18,0.19,0.28,0.41,0.36,0.39
2022-09-12,491,"think","action_words",0,0.02,0.02,0.03,0.02,0.03,0.06,0.1,0.11,0.16,0.21,0.25,0.4,0.37,0.44
2022-09-12,492,"throw","action_words",0.02,0.06,0.1,0.15,0.16,0.23,0.26,0.39,0.47,0.58,0.58,0.59,0.8,0.7,0.73
2022-09-12,493,"tickle","action_words",0.08,0.11,0.18,0.26,0.25,0.26,0.36,0.46,0.52,0.63,0.62,0.63,0.82,0.73,0.75
2022-09-12,494,"touch","action_words",0.02,0.04,0.06,0.12,0.13,0.15,0.21,0.31,0.35,0.44,0.44,0.53,0.71,0.65,0.7
2022-09-12,495,"wait","action_words",0.02,0.03,0.06,0.12,0.13,0.15,0.23,0.31,0.35,0.43,0.42,0.55,0.69,0.65,0.71
2022-09-12,496,"wake","action_words",0,0.02,0.02,0.08,0.06,0.13,0.16,0.22,0.3,0.37,0.43,0.47,0.67,0.59,0.64
2022-09-12,497,"walk","action_words",0.07,0.11,0.17,0.29,0.31,0.35,0.45,0.53,0.59,0.68,0.67,0.67,0.86,0.76,0.78
2022-09-12,498,"wash","action_words",0.03,0.06,0.1,0.2,0.24,0.28,0.37,0.44,0.52,0.64,0.63,0.63,0.84,0.7,0.76
2022-09-12,499,"watch (action)","action_words",0.02,0.02,0.05,0.1,0.12,0.18,0.23,0.32,0.36,0.43,0.47,0.53,0.71,0.63,0.69
2022-09-12,500,"wipe","action_words",0.03,0.06,0.06,0.14,0.13,0.21,0.26,0.33,0.41,0.44,0.48,0.5,0.7,0.65,0.66
2022-09-12,501,"wish","action_words",0,0.02,0.01,0.02,0.02,0.03,0.03,0.05,0.07,0.09,0.11,0.16,0.24,0.23,0.29
2022-09-12,502,"work (action)","action_words",0.02,0.03,0.06,0.13,0.15,0.18,0.23,0.34,0.39,0.46,0.51,0.51,0.76,0.59,0.68
2022-09-12,503,"write","action_words",0.01,0.02,0.03,0.09,0.09,0.16,0.17,0.21,0.25,0.37,0.33,0.44,0.6,0.51,0.55
2022-09-12,504,"all gone","descriptive_words",0.27,0.35,0.44,0.55,0.58,0.66,0.66,0.73,0.78,0.81,0.79,0.81,0.92,0.82,0.81
2022-09-12,505,"asleep","descriptive_words",0.03,0.05,0.08,0.17,0.19,0.26,0.3,0.4,0.47,0.57,0.58,0.58,0.76,0.68,0.72
2022-09-12,506,"awake","descriptive_words",0.01,0.03,0.04,0.1,0.1,0.18,0.22,0.32,0.36,0.46,0.47,0.56,0.71,0.65,0.7
2022-09-12,507,"bad","descriptive_words",0.05,0.09,0.1,0.14,0.19,0.23,0.28,0.33,0.41,0.51,0.53,0.59,0.73,0.64,0.71
2022-09-12,508,"better","descriptive_words",0.01,0.03,0.04,0.09,0.08,0.13,0.2,0.23,0.28,0.34,0.41,0.48,0.61,0.53,0.61
2022-09-12,509,"big","descriptive_words",0.05,0.1,0.15,0.24,0.32,0.37,0.46,0.55,0.62,0.71,0.72,0.76,0.88,0.82,0.82
2022-09-12,510,"black","descriptive_words",0.03,0.04,0.06,0.12,0.13,0.17,0.27,0.34,0.4,0.47,0.48,0.53,0.7,0.66,0.71
2022-09-12,511,"blue","descriptive_words",0.07,0.12,0.18,0.28,0.32,0.35,0.42,0.57,0.62,0.69,0.68,0.74,0.85,0.81,0.84
2022-09-12,512,"broken","descriptive_words",0.03,0.04,0.09,0.16,0.22,0.28,0.36,0.47,0.55,0.62,0.66,0.68,0.86,0.76,0.8
2022-09-12,513,"brown","descriptive_words",0.01,0.04,0.04,0.11,0.1,0.13,0.21,0.29,0.35,0.4,0.44,0.49,0.64,0.6,0.66
2022-09-12,514,"careful","descriptive_words",0.02,0.03,0.06,0.12,0.13,0.17,0.22,0.29,0.33,0.44,0.44,0.5,0.7,0.61,0.67
2022-09-12,515,"clean (description)","descriptive_words",0.02,0.05,0.11,0.2,0.21,0.29,0.37,0.43,0.51,0.6,0.63,0.63,0.81,0.74,0.79
2022-09-12,516,"cold","descriptive_words",0.11,0.15,0.27,0.36,0.44,0.48,0.54,0.62,0.69,0.77,0.79,0.75,0.92,0.84,0.86
2022-09-12,517,"cute","descriptive_words",0.02,0.05,0.07,0.1,0.14,0.19,0.21,0.3,0.33,0.35,0.42,0.44,0.59,0.56,0.6
2022-09-12,518,"dark","descriptive_words",0.02,0.03,0.06,0.1,0.13,0.15,0.21,0.29,0.39,0.48,0.46,0.51,0.72,0.64,0.66
2022-09-12,519,"dirty","descriptive_words",0.05,0.1,0.15,0.27,0.34,0.4,0.42,0.52,0.61,0.7,0.71,0.72,0.87,0.8,0.82
2022-09-12,520,"dry (description)","descriptive_words",0.02,0.03,0.05,0.11,0.1,0.15,0.19,0.29,0.33,0.38,0.43,0.47,0.71,0.6,0.63
2022-09-12,521,"empty","descriptive_words",0.04,0.03,0.07,0.14,0.14,0.19,0.22,0.3,0.37,0.43,0.44,0.52,0.66,0.58,0.63
2022-09-12,522,"fast","descriptive_words",0.01,0.04,0.05,0.08,0.13,0.17,0.24,0.35,0.41,0.47,0.52,0.56,0.72,0.68,0.72
2022-09-12,523,"fine","descriptive_words",0,0.02,0.02,0.02,0.03,0.05,0.07,0.11,0.14,0.18,0.2,0.28,0.38,0.33,0.4
2022-09-12,524,"first","descriptive_words",0,0.02,0.02,0.04,0.05,0.06,0.12,0.15,0.18,0.25,0.28,0.38,0.53,0.49,0.54
2022-09-12,525,"full","descriptive_words",0.01,0.02,0.04,0.08,0.09,0.13,0.16,0.21,0.29,0.33,0.38,0.46,0.64,0.56,0.64
2022-09-12,526,"gentle","descriptive_words",0.03,0.08,0.1,0.13,0.11,0.17,0.2,0.28,0.33,0.39,0.37,0.42,0.54,0.51,0.58
2022-09-12,527,"good","descriptive_words",0.04,0.11,0.15,0.2,0.24,0.28,0.32,0.4,0.48,0.56,0.6,0.64,0.81,0.76,0.76
2022-09-12,528,"green","descriptive_words",0.03,0.08,0.1,0.2,0.2,0.29,0.31,0.47,0.5,0.58,0.57,0.64,0.79,0.75,0.79
2022-09-12,529,"happy","descriptive_words",0.07,0.1,0.14,0.22,0.28,0.31,0.35,0.46,0.5,0.6,0.6,0.68,0.77,0.75,0.8
2022-09-12,530,"hard","descriptive_words",0.01,0.02,0.03,0.07,0.06,0.1,0.12,0.2,0.24,0.32,0.33,0.39,0.59,0.56,0.57
2022-09-12,531,"heavy","descriptive_words",0.03,0.05,0.05,0.13,0.17,0.2,0.29,0.36,0.44,0.52,0.55,0.62,0.78,0.72,0.75
2022-09-12,532,"high","descriptive_words",0.01,0.03,0.05,0.08,0.08,0.15,0.19,0.26,0.33,0.41,0.42,0.48,0.66,0.61,0.66
2022-09-12,533,"hot","descriptive_words",0.3,0.33,0.46,0.59,0.63,0.68,0.64,0.71,0.77,0.84,0.82,0.8,0.95,0.88,0.87
2022-09-12,534,"hungry","descriptive_words",0.04,0.08,0.11,0.18,0.21,0.25,0.33,0.39,0.48,0.54,0.56,0.66,0.8,0.75,0.78
2022-09-12,535,"hurt","descriptive_words",0.03,0.05,0.08,0.15,0.21,0.2,0.27,0.4,0.45,0.57,0.56,0.6,0.79,0.69,0.73
2022-09-12,536,"last","descriptive_words",0,0.02,0.02,0.03,0.02,0.03,0.05,0.09,0.1,0.11,0.15,0.2,0.32,0.31,0.36
2022-09-12,537,"little (description)","descriptive_words",0,0.04,0.05,0.1,0.11,0.15,0.22,0.32,0.39,0.5,0.53,0.55,0.76,0.69,0.72
2022-09-12,538,"long","descriptive_words",0,0.02,0.02,0.04,0.03,0.04,0.06,0.11,0.15,0.18,0.21,0.27,0.43,0.41,0.49
2022-09-12,539,"loud","descriptive_words",0.01,0.03,0.04,0.08,0.1,0.13,0.19,0.31,0.35,0.42,0.49,0.54,0.66,0.63,0.71
2022-09-12,540,"mad","descriptive_words",0,0.03,0.03,0.04,0.06,0.07,0.14,0.16,0.23,0.29,0.31,0.43,0.56,0.52,0.56
2022-09-12,541,"naughty","descriptive_words",0.01,0.03,0.05,0.05,0.05,0.04,0.05,0.08,0.15,0.16,0.18,0.2,0.29,0.3,0.28
2022-09-12,542,"new","descriptive_words",0,0.02,0.03,0.05,0.07,0.1,0.1,0.18,0.22,0.28,0.34,0.36,0.55,0.5,0.55
2022-09-12,543,"nice","descriptive_words",0.04,0.05,0.1,0.18,0.21,0.25,0.26,0.35,0.38,0.44,0.49,0.55,0.71,0.64,0.69
2022-09-12,544,"noisy","descriptive_words",0,0.03,0.03,0.07,0.07,0.1,0.14,0.2,0.24,0.26,0.33,0.38,0.53,0.52,0.52
2022-09-12,545,"old","descriptive_words",0,0.03,0.02,0.04,0.03,0.07,0.09,0.13,0.17,0.19,0.23,0.3,0.46,0.42,0.46
2022-09-12,546,"orange (description)","descriptive_words",0.03,0.06,0.07,0.2,0.2,0.29,0.33,0.43,0.5,0.58,0.59,0.66,0.79,0.76,0.76
2022-09-12,547,"poor","descriptive_words",0,0.01,0.02,0.02,0.02,0.02,0.03,0.05,0.06,0.09,0.11,0.12,0.25,0.21,0.24
2022-09-12,548,"pretty","descriptive_words",0.07,0.1,0.11,0.22,0.23,0.26,0.36,0.35,0.39,0.49,0.49,0.5,0.73,0.61,0.66
2022-09-12,549,"quiet","descriptive_words",0.01,0.03,0.04,0.07,0.07,0.14,0.18,0.26,0.33,0.39,0.42,0.46,0.66,0.59,0.66
2022-09-12,550,"red","descriptive_words",0.05,0.09,0.11,0.2,0.23,0.31,0.35,0.48,0.52,0.6,0.63,0.67,0.8,0.77,0.78
2022-09-12,551,"sad","descriptive_words",0.01,0.03,0.04,0.09,0.11,0.16,0.22,0.32,0.37,0.43,0.45,0.52,0.69,0.64,0.7
2022-09-12,552,"scared","descriptive_words",0.01,0.02,0.03,0.05,0.07,0.11,0.15,0.26,0.31,0.37,0.43,0.53,0.71,0.61,0.69
2022-09-12,553,"sick","descriptive_words",0,0.03,0.03,0.07,0.08,0.13,0.18,0.23,0.29,0.37,0.39,0.5,0.69,0.59,0.66
2022-09-12,554,"sleepy","descriptive_words",0.03,0.05,0.09,0.14,0.16,0.2,0.26,0.34,0.4,0.49,0.56,0.56,0.72,0.63,0.67
2022-09-12,555,"slow","descriptive_words",0,0.02,0.02,0.06,0.04,0.1,0.09,0.16,0.21,0.26,0.28,0.36,0.51,0.53,0.57
2022-09-12,556,"soft","descriptive_words",0.02,0.05,0.08,0.16,0.14,0.16,0.19,0.32,0.35,0.43,0.45,0.5,0.68,0.61,0.65
2022-09-12,557,"sticky","descriptive_words",0.03,0.04,0.06,0.11,0.12,0.14,0.21,0.27,0.33,0.42,0.43,0.46,0.66,0.61,0.63
2022-09-12,558,"stuck","descriptive_words",0.03,0.07,0.08,0.15,0.19,0.21,0.23,0.33,0.39,0.43,0.46,0.54,0.71,0.61,0.62
2022-09-12,559,"thirsty","descriptive_words",0.02,0.04,0.06,0.12,0.15,0.16,0.24,0.31,0.37,0.41,0.47,0.54,0.71,0.59,0.67
2022-09-12,560,"tiny","descriptive_words",0,0.02,0.02,0.03,0.04,0.06,0.07,0.15,0.17,0.16,0.22,0.26,0.39,0.39,0.43
2022-09-12,561,"tired","descriptive_words",0,0.04,0.05,0.1,0.11,0.16,0.23,0.32,0.37,0.44,0.49,0.53,0.75,0.66,0.71
2022-09-12,562,"wet","descriptive_words",0.05,0.1,0.14,0.27,0.32,0.4,0.42,0.54,0.59,0.7,0.73,0.72,0.89,0.79,0.82
2022-09-12,563,"white","descriptive_words",0.01,0.03,0.04,0.09,0.11,0.15,0.22,0.33,0.35,0.39,0.44,0.51,0.67,0.65,0.66
2022-09-12,564,"windy","descriptive_words",0.02,0.04,0.04,0.1,0.11,0.11,0.14,0.28,0.31,0.38,0.4,0.45,0.6,0.55,0.61
2022-09-12,565,"yellow","descriptive_words",0.05,0.08,0.11,0.23,0.25,0.29,0.36,0.45,0.53,0.59,0.6,0.69,0.78,0.75,0.78
2022-09-12,566,"yucky","descriptive_words",0.15,0.16,0.29,0.37,0.37,0.41,0.45,0.56,0.57,0.68,0.67,0.66,0.83,0.73,0.76
2022-09-12,567,"after","time_words",0,0.02,0.02,0.02,0.04,0.06,0.09,0.13,0.17,0.21,0.26,0.31,0.45,0.44,0.48
2022-09-12,568,"before","time_words",0,0.02,0.01,0.01,0.01,0.03,0.06,0.06,0.09,0.11,0.17,0.19,0.27,0.32,0.36
2022-09-12,569,"day","time_words",0.01,0.04,0.04,0.07,0.07,0.1,0.16,0.22,0.22,0.3,0.33,0.44,0.51,0.51,0.56
2022-09-12,570,"later","time_words",0,0.02,0.03,0.07,0.09,0.12,0.16,0.22,0.26,0.32,0.36,0.41,0.6,0.53,0.57
2022-09-12,571,"morning","time_words",0.02,0.04,0.07,0.1,0.12,0.15,0.21,0.3,0.3,0.39,0.43,0.53,0.62,0.62,0.68
2022-09-12,572,"night","time_words",0.06,0.11,0.13,0.21,0.22,0.29,0.38,0.44,0.45,0.55,0.58,0.63,0.74,0.68,0.79
2022-09-12,573,"now","time_words",0.03,0.04,0.08,0.11,0.15,0.22,0.25,0.32,0.36,0.44,0.55,0.6,0.74,0.65,0.71
2022-09-12,574,"time","time_words",0,0.02,0.02,0.04,0.05,0.05,0.08,0.11,0.11,0.14,0.19,0.22,0.37,0.33,0.39
2022-09-12,575,"today","time_words",0,0.03,0.03,0.04,0.04,0.06,0.09,0.15,0.19,0.23,0.27,0.38,0.47,0.46,0.53
2022-09-12,576,"tomorrow","time_words",0,0.03,0.02,0.05,0.07,0.08,0.09,0.15,0.19,0.23,0.29,0.39,0.48,0.44,0.51
2022-09-12,577,"tonight","time_words",0,0.02,0.02,0.04,0.03,0.02,0.05,0.11,0.11,0.14,0.18,0.23,0.35,0.34,0.37
2022-09-12,578,"yesterday","time_words",0,0.02,0.01,0.02,0.02,0.01,0.03,0.06,0.08,0.1,0.12,0.17,0.27,0.25,0.32
2022-09-12,579,"he","pronouns",0,0.02,0.03,0.04,0.06,0.09,0.14,0.16,0.21,0.25,0.32,0.43,0.56,0.54,0.57
2022-09-12,580,"her","pronouns",0,0.02,0.02,0.04,0.04,0.05,0.08,0.12,0.15,0.21,0.24,0.31,0.42,0.41,0.47
2022-09-12,581,"hers","pronouns",0,0.02,0.02,0.02,0.03,0.03,0.06,0.08,0.1,0.13,0.15,0.22,0.32,0.28,0.35
2022-09-12,582,"him","pronouns",0,0.02,0.01,0.04,0.03,0.05,0.08,0.11,0.13,0.17,0.24,0.29,0.41,0.38,0.45
2022-09-12,583,"his","pronouns",0,0.02,0.01,0.02,0.03,0.05,0.08,0.1,0.13,0.18,0.2,0.26,0.38,0.36,0.43
2022-09-12,584,"I","pronouns",0.04,0.09,0.14,0.23,0.22,0.29,0.32,0.4,0.44,0.6,0.6,0.62,0.79,0.72,0.78
2022-09-12,585,"it","pronouns",0.03,0.05,0.07,0.13,0.14,0.16,0.23,0.28,0.31,0.41,0.41,0.47,0.67,0.59,0.65
2022-09-12,586,"me","pronouns",0.11,0.19,0.25,0.34,0.37,0.42,0.46,0.54,0.6,0.69,0.69,0.76,0.85,0.81,0.83
2022-09-12,587,"mine","pronouns",0.19,0.22,0.35,0.44,0.49,0.6,0.64,0.66,0.72,0.81,0.79,0.82,0.9,0.88,0.86
2022-09-12,588,"my","pronouns",0.07,0.07,0.09,0.2,0.21,0.25,0.3,0.36,0.47,0.54,0.59,0.58,0.78,0.74,0.74
2022-09-12,589,"myself","pronouns",0,0.02,0.02,0.02,0.02,0.02,0.07,0.12,0.13,0.16,0.21,0.22,0.39,0.32,0.41
2022-09-12,590,"our","pronouns",0,0.02,0.01,0.02,0.02,0.03,0.05,0.07,0.08,0.11,0.15,0.2,0.3,0.27,0.32
2022-09-12,591,"she","pronouns",0,0.02,0.03,0.05,0.04,0.07,0.11,0.12,0.18,0.21,0.3,0.36,0.46,0.48,0.51
2022-09-12,592,"that","pronouns",0.13,0.17,0.16,0.22,0.26,0.26,0.35,0.39,0.44,0.52,0.55,0.59,0.76,0.65,0.7
2022-09-12,593,"their","pronouns",0,0.02,0.01,0.02,0.02,0.02,0.03,0.05,0.06,0.08,0.11,0.18,0.25,0.24,0.27
2022-09-12,594,"them","pronouns",0,0.01,0.01,0.03,0.03,0.03,0.06,0.08,0.09,0.14,0.19,0.24,0.33,0.3,0.34
2022-09-12,595,"these","pronouns",0.02,0.03,0.04,0.05,0.08,0.08,0.11,0.15,0.18,0.25,0.31,0.35,0.48,0.41,0.44
2022-09-12,596,"they","pronouns",0,0.02,0.01,0.02,0.03,0.02,0.04,0.08,0.1,0.12,0.18,0.23,0.34,0.35,0.4
2022-09-12,597,"this","pronouns",0.12,0.14,0.16,0.21,0.23,0.24,0.33,0.36,0.42,0.48,0.55,0.53,0.74,0.6,0.66
2022-09-12,598,"those","pronouns",0.01,0.02,0.02,0.04,0.05,0.04,0.06,0.1,0.14,0.16,0.18,0.25,0.4,0.35,0.4
2022-09-12,599,"us","pronouns",0,0.01,0.01,0.02,0.02,0.01,0.05,0.07,0.07,0.11,0.13,0.17,0.25,0.26,0.3
2022-09-12,600,"we","pronouns",0,0.03,0.02,0.03,0.04,0.04,0.1,0.09,0.13,0.19,0.22,0.35,0.41,0.39,0.45
2022-09-12,601,"you","pronouns",0.07,0.07,0.14,0.2,0.24,0.27,0.35,0.43,0.47,0.57,0.63,0.7,0.82,0.78,0.8
2022-09-12,602,"your","pronouns",0,0.02,0.01,0.04,0.04,0.05,0.08,0.13,0.17,0.23,0.27,0.29,0.49,0.44,0.51
2022-09-12,603,"yourself","pronouns",0,0.01,0.01,0.01,0.02,0,0.02,0.04,0.05,0.06,0.09,0.12,0.2,0.15,0.22
2022-09-12,604,"how","question_words",0,0.02,0.03,0.03,0.05,0.05,0.08,0.12,0.14,0.17,0.24,0.3,0.41,0.4,0.46
2022-09-12,605,"what","question_words",0.11,0.14,0.16,0.21,0.24,0.25,0.38,0.43,0.47,0.56,0.58,0.7,0.79,0.73,0.78
2022-09-12,606,"when","question_words",0,0.02,0.02,0.02,0.02,0.03,0.03,0.06,0.07,0.11,0.18,0.24,0.3,0.29,0.39
2022-09-12,607,"where","question_words",0.04,0.08,0.09,0.12,0.14,0.17,0.27,0.39,0.42,0.48,0.52,0.61,0.76,0.68,0.71
2022-09-12,608,"which","question_words",0,0.02,0.02,0.02,0.02,0.02,0.02,0.04,0.06,0.08,0.11,0.12,0.19,0.23,0.26
2022-09-12,609,"who","question_words",0.03,0.04,0.05,0.05,0.09,0.09,0.14,0.18,0.22,0.27,0.32,0.44,0.55,0.49,0.58
2022-09-12,610,"why","question_words",0.02,0.06,0.08,0.11,0.12,0.13,0.18,0.25,0.25,0.31,0.4,0.5,0.54,0.59,0.58
2022-09-12,611,"about","locations",0,0.02,0.01,0.01,0.03,0.02,0.03,0.03,0.06,0.07,0.1,0.12,0.22,0.23,0.28
2022-09-12,612,"above","locations",0.01,0.02,0.02,0.02,0.03,0.03,0.05,0.04,0.08,0.11,0.13,0.19,0.24,0.23,0.27
2022-09-12,613,"around","locations",0,0.03,0.02,0.03,0.06,0.05,0.07,0.11,0.14,0.22,0.23,0.28,0.43,0.37,0.43
2022-09-12,614,"at","locations",0.01,0.03,0.03,0.05,0.06,0.08,0.12,0.16,0.2,0.23,0.33,0.38,0.52,0.47,0.49
2022-09-12,615,"away","locations",0,0.03,0.05,0.09,0.09,0.11,0.16,0.24,0.29,0.38,0.41,0.47,0.64,0.54,0.59
2022-09-12,616,"back","locations",0.02,0.06,0.07,0.13,0.12,0.17,0.21,0.32,0.36,0.41,0.43,0.49,0.66,0.57,0.64
2022-09-12,617,"behind","locations",0,0.02,0.02,0.04,0.05,0.06,0.09,0.14,0.18,0.23,0.3,0.35,0.47,0.46,0.49
2022-09-12,618,"beside","locations",0,0.01,0.02,0.01,0.02,0.02,0.05,0.08,0.1,0.1,0.13,0.15,0.21,0.22,0.29
2022-09-12,619,"by","locations",0.01,0.04,0.03,0.05,0.05,0.08,0.11,0.14,0.17,0.24,0.27,0.36,0.48,0.41,0.45
2022-09-12,620,"down","locations",0.2,0.3,0.37,0.46,0.49,0.54,0.55,0.62,0.68,0.75,0.73,0.76,0.89,0.81,0.82
2022-09-12,621,"for","locations",0,0.02,0.02,0.03,0.04,0.05,0.08,0.12,0.16,0.21,0.28,0.36,0.5,0.45,0.51
2022-09-12,622,"here","locations",0.03,0.06,0.09,0.12,0.18,0.21,0.31,0.36,0.43,0.5,0.54,0.59,0.78,0.69,0.71
2022-09-12,623,"inside/in","locations",0.05,0.08,0.14,0.21,0.24,0.25,0.38,0.45,0.51,0.58,0.61,0.63,0.82,0.7,0.75
2022-09-12,624,"into","locations",0,0.02,0.02,0.02,0.02,0.02,0.06,0.08,0.09,0.11,0.16,0.19,0.3,0.28,0.34
2022-09-12,625,"next to","locations",0,0.02,0.02,0.02,0.02,0.02,0.05,0.09,0.11,0.14,0.22,0.25,0.36,0.35,0.36
2022-09-12,626,"of","locations",0,0.02,0.01,0.04,0.01,0.02,0.03,0.06,0.09,0.1,0.14,0.21,0.29,0.27,0.33
2022-09-12,627,"off","locations",0.12,0.16,0.26,0.36,0.35,0.44,0.49,0.58,0.61,0.68,0.71,0.73,0.88,0.76,0.78
2022-09-12,628,"on","locations",0.12,0.16,0.22,0.32,0.33,0.43,0.51,0.54,0.61,0.69,0.71,0.74,0.89,0.76,0.8
2022-09-12,629,"on top of","locations",0.01,0.02,0.02,0.03,0.05,0.06,0.1,0.14,0.19,0.24,0.27,0.32,0.48,0.45,0.49
2022-09-12,630,"out","locations",0.11,0.15,0.25,0.34,0.32,0.37,0.44,0.53,0.54,0.63,0.67,0.67,0.83,0.7,0.74
2022-09-12,631,"over","locations",0.01,0.03,0.04,0.05,0.06,0.11,0.14,0.21,0.26,0.3,0.39,0.42,0.64,0.52,0.57
2022-09-12,632,"there","locations",0.02,0.06,0.08,0.11,0.14,0.21,0.23,0.35,0.4,0.45,0.51,0.59,0.75,0.65,0.69
2022-09-12,633,"to","locations",0.01,0.03,0.03,0.06,0.05,0.09,0.12,0.2,0.25,0.3,0.37,0.44,0.59,0.53,0.6
2022-09-12,634,"under","locations",0.01,0.03,0.04,0.07,0.09,0.12,0.15,0.26,0.3,0.4,0.44,0.48,0.66,0.6,0.65
2022-09-12,635,"up","locations",0.28,0.35,0.43,0.53,0.51,0.59,0.61,0.66,0.7,0.77,0.76,0.74,0.9,0.82,0.83
2022-09-12,636,"with","locations",0,0.02,0.02,0.05,0.04,0.05,0.13,0.17,0.23,0.27,0.35,0.4,0.58,0.5,0.58
2022-09-12,637,"a","quantifiers",0.04,0.05,0.07,0.12,0.13,0.16,0.23,0.25,0.3,0.37,0.4,0.48,0.61,0.54,0.62
2022-09-12,638,"all","quantifiers",0.03,0.05,0.07,0.12,0.12,0.15,0.19,0.3,0.33,0.39,0.43,0.49,0.67,0.59,0.65
2022-09-12,639,"a lot","quantifiers",0,0.02,0.03,0.05,0.05,0.05,0.11,0.17,0.18,0.25,0.29,0.35,0.48,0.49,0.53
2022-09-12,640,"an","quantifiers",0.01,0.02,0.01,0.02,0.02,0.02,0.04,0.03,0.05,0.09,0.1,0.12,0.17,0.18,0.22
2022-09-12,641,"another","quantifiers",0.01,0.03,0.04,0.06,0.06,0.08,0.11,0.19,0.22,0.28,0.35,0.36,0.53,0.45,0.52
2022-09-12,642,"any","quantifiers",0,0.02,0.02,0.03,0.02,0.03,0.05,0.09,0.13,0.16,0.22,0.32,0.41,0.36,0.42
2022-09-12,643,"each","quantifiers",0,0.02,0.02,0.02,0.01,0.01,0.04,0.03,0.05,0.06,0.08,0.15,0.14,0.18,0.2
2022-09-12,644,"every","quantifiers",0,0.02,0.02,0.02,0.01,0.02,0.03,0.07,0.08,0.11,0.15,0.19,0.26,0.31,0.32
2022-09-12,645,"more","quantifiers",0.22,0.29,0.39,0.45,0.5,0.52,0.59,0.68,0.7,0.75,0.75,0.79,0.91,0.87,0.86
2022-09-12,646,"much","quantifiers",0.01,0.02,0.03,0.04,0.03,0.04,0.08,0.11,0.14,0.16,0.2,0.21,0.35,0.31,0.39
2022-09-12,647,"none","quantifiers",0.01,0.03,0.04,0.05,0.06,0.07,0.09,0.15,0.15,0.18,0.21,0.26,0.36,0.36,0.42
2022-09-12,648,"not","quantifiers",0.01,0.03,0.04,0.06,0.06,0.11,0.13,0.18,0.25,0.29,0.36,0.42,0.61,0.51,0.52
2022-09-12,649,"other","quantifiers",0,0.02,0.02,0.04,0.03,0.08,0.1,0.18,0.18,0.24,0.29,0.33,0.49,0.41,0.43
2022-09-12,650,"same","quantifiers",0,0.02,0.02,0.02,0.04,0.03,0.06,0.13,0.16,0.16,0.24,0.28,0.33,0.39,0.43
2022-09-12,651,"some","quantifiers",0.01,0.03,0.06,0.1,0.13,0.14,0.21,0.26,0.31,0.39,0.43,0.48,0.68,0.56,0.63
2022-09-12,652,"the","quantifiers",0.02,0.04,0.04,0.08,0.08,0.1,0.16,0.19,0.26,0.29,0.38,0.44,0.62,0.51,0.61
2022-09-12,653,"too","quantifiers",0.02,0.04,0.06,0.1,0.12,0.17,0.24,0.26,0.37,0.42,0.49,0.52,0.71,0.61,0.68
2022-09-12,654,"am","helping_verbs",0.01,0.02,0.02,0.04,0.06,0.06,0.1,0.13,0.18,0.23,0.27,0.34,0.48,0.48,0.53
2022-09-12,655,"are","helping_verbs",0,0.02,0.02,0.02,0.04,0.04,0.08,0.1,0.15,0.16,0.23,0.28,0.44,0.38,0.48
2022-09-12,656,"be","helping_verbs",0,0.03,0.02,0.05,0.03,0.05,0.08,0.11,0.13,0.17,0.23,0.25,0.38,0.36,0.42
2022-09-12,657,"can (auxiliary)","helping_verbs",0.01,0.02,0.03,0.07,0.06,0.07,0.15,0.21,0.23,0.31,0.32,0.43,0.6,0.56,0.62
2022-09-12,658,"could","helping_verbs",0,0.02,0.02,0.02,0.02,0.02,0.02,0.05,0.05,0.08,0.11,0.14,0.22,0.23,0.27
2022-09-12,659,"did/did ya","helping_verbs",0.02,0.03,0.04,0.06,0.07,0.09,0.11,0.2,0.21,0.25,0.32,0.42,0.56,0.47,0.57
2022-09-12,660,"do","helping_verbs",0.04,0.09,0.11,0.17,0.2,0.27,0.29,0.38,0.44,0.5,0.53,0.61,0.77,0.66,0.69
2022-09-12,661,"does","helping_verbs",0,0.02,0.02,0.03,0.02,0.03,0.05,0.09,0.09,0.14,0.18,0.22,0.34,0.34,0.36
2022-09-12,662,"don't","helping_verbs",0.05,0.05,0.08,0.1,0.17,0.15,0.2,0.28,0.34,0.44,0.43,0.51,0.71,0.59,0.67
2022-09-12,663,"gonna/going to","helping_verbs",0.01,0.03,0.05,0.06,0.07,0.11,0.13,0.23,0.25,0.29,0.38,0.42,0.59,0.53,0.58
2022-09-12,664,"gotta/got to","helping_verbs",0.01,0.02,0.03,0.03,0.03,0.04,0.08,0.12,0.13,0.14,0.2,0.24,0.37,0.32,0.39
2022-09-12,665,"hafta/have to","helping_verbs",0.01,0.02,0.02,0.04,0.03,0.04,0.06,0.13,0.15,0.18,0.26,0.34,0.45,0.43,0.49
2022-09-12,666,"is","helping_verbs",0.02,0.03,0.03,0.06,0.07,0.07,0.16,0.18,0.21,0.27,0.36,0.42,0.56,0.51,0.6
2022-09-12,667,"lemme/let me","helping_verbs",0.01,0.03,0.05,0.07,0.1,0.12,0.2,0.23,0.3,0.4,0.44,0.51,0.68,0.6,0.65
2022-09-12,668,"need/need to","helping_verbs",0,0.03,0.05,0.06,0.07,0.1,0.12,0.21,0.24,0.29,0.35,0.41,0.56,0.55,0.59
2022-09-12,669,"try/try to","helping_verbs",0,0.03,0.04,0.06,0.06,0.1,0.14,0.22,0.27,0.29,0.35,0.4,0.53,0.5,0.58
2022-09-12,670,"wanna/want to","helping_verbs",0.04,0.07,0.09,0.12,0.17,0.21,0.26,0.38,0.4,0.49,0.56,0.62,0.77,0.7,0.75
2022-09-12,671,"was","helping_verbs",0,0.02,0.02,0.03,0.01,0.02,0.05,0.07,0.09,0.11,0.17,0.23,0.34,0.32,0.38
2022-09-12,672,"were","helping_verbs",0,0.02,0.02,0.02,0.01,0.02,0.02,0.04,0.05,0.07,0.11,0.16,0.23,0.21,0.27
2022-09-12,673,"will","helping_verbs",0,0.02,0.02,0.03,0.03,0.04,0.06,0.08,0.09,0.13,0.19,0.23,0.36,0.35,0.41
2022-09-12,674,"would","helping_verbs",0,0.02,0.02,0.02,0.02,0.01,0.03,0.03,0.04,0.06,0.07,0.12,0.16,0.16,0.23
2022-09-12,675,"and","connecting_words",0.01,0.03,0.03,0.05,0.08,0.09,0.15,0.27,0.29,0.34,0.46,0.48,0.64,0.6,0.66
2022-09-12,676,"because","connecting_words",0,0.02,0.02,0.03,0.04,0.03,0.06,0.11,0.11,0.13,0.22,0.26,0.36,0.35,0.44
2022-09-12,677,"but","connecting_words",0.01,0.03,0.02,0.03,0.03,0.03,0.07,0.07,0.07,0.1,0.15,0.2,0.26,0.3,0.35
2022-09-12,678,"if","connecting_words",0,0.02,0.02,0.02,0.02,0.01,0.04,0.04,0.04,0.07,0.09,0.12,0.18,0.2,0.24
2022-09-12,679,"so","connecting_words",0,0.03,0.02,0.03,0.04,0.04,0.08,0.08,0.1,0.12,0.16,0.23,0.29,0.28,0.35
2022-09-12,680,"then","connecting_words",0,0.02,0.01,0.02,0.02,0.02,0.03,0.08,0.07,0.08,0.16,0.2,0.27,0.28,0.33
